"data","retweeted_authors","authors"
"2014-11-03",NA,"LoZibra"
"2014-11-03",NA,"AnpasPiemonte"
"2014-11-03",NA,"lesherbes"
"2014-11-03",NA,"Miriam8112"
"2014-11-03",NA,"ArpaPiemonte"
"2014-11-03",NA,"putredine"
"2014-11-03",NA,"Miriam8112"
"2014-11-03",NA,"AnpasPiemonte"
"2014-11-03",NA,"AnpasPiemonte"
"2014-11-03",NA,"provinciacuneo"
"2014-11-03",NA,"provinciacuneo"
"2014-11-03",NA,"PiemonteInforma"
"2014-11-03",NA,"provinciacuneo"
"2014-11-03",NA,"diAlessandria"
"2014-11-03",NA,"Tanargue"
"2014-11-03",NA,"SimoSteve91"
"2014-11-03",NA,"luca_bracco"
"2014-11-03",NA,"nastrorosa"
"2014-11-03",NA,"icioweb73"
"2014-11-03",NA,"l_lovelli"
"2014-11-03",NA,"topedobis"
"2014-11-03",NA,"ArpaPiemonte"
"2014-11-03",NA,"ArpaPiemonte"
"2014-11-03",NA,"ValenCaffieri"
"2014-11-03",NA,"ArpaPiemonte"
"2014-11-03",NA,"AlexandrNevskij"
"2014-11-03",NA,"AlexandrNevskij"
"2014-11-03",NA,"ComuneMontelupo"
"2014-11-03",NA,"CRIcuneo"
"2014-11-03",NA,"CRIcuneo"
"2014-11-03",NA,"Crinova"
"2014-11-03",NA,"ITnewsCN"
"2014-11-03",NA,"CRIcuneo"
"2014-11-04",NA,"quotidianopiem"
"2014-11-04",NA,"quotidianopiem"
"2014-11-04",NA,"Miti_Vigliero"
"2014-11-04",NA,"Miti_Vigliero"
"2014-11-04",NA,"tifizifiafanafa"
"2014-11-04",NA,"Felixia75"
"2014-11-04",NA,"tifizifiafanafa"
"2014-11-04",NA,"BLOGRADIOTV"
"2014-11-04",NA,"tifizifiafanafa"
"2014-11-04",NA,"PaolaMilani1"
"2014-11-04",NA,"Michelerussoing"
"2014-11-04",NA,"Miti_Vigliero"
"2014-11-04",NA,"LaRiStampa2014"
"2014-11-04",NA,"LiberiParty"
"2014-11-04",NA,"CostrIlFuturo"
"2014-11-04",NA,"ArpaPiemonte"
"2014-11-04",NA,"ArpaPiemonte"
"2014-11-04",NA,"ArpaPiemonte"
"2014-11-04",NA,"quotidianopiem"
"2014-11-04",NA,"paoladelusa"
"2014-11-04",NA,"quotidianopiem"
"2014-11-04",NA,"Miti_Vigliero"
"2014-11-04",NA,"rptmtt"
"2014-11-04",NA,"ArpaPiemonte"
"2014-11-04",NA,"pataciuffi"
"2014-11-04",NA,"RivMaAus"
"2014-11-04",NA,"dadadanix"
"2014-11-04",NA,"archEsposito"
"2014-11-04",NA,"gNellerba"
"2014-11-04",NA,"vittoriopasteris"
"2014-11-04",NA,"archEsposito"
"2014-11-04",NA,"nastrorosa"
"2014-11-04",NA,"Ossmeteobargone"
"2014-11-04",NA,"ArpaPiemonte"
"2014-11-04",NA,"D1_Eg0"
"2014-11-04",NA,"Miti_Vigliero"
"2014-11-04",NA,"tony_dalessio"
"2014-11-04",NA,"novajoinfo"
"2014-11-04",NA,"MarilenaLualdi"
"2014-11-04",NA,"quotidianopiem"
"2014-11-04",NA,"SimonaBellarmin"
"2014-11-04",NA,"SimonaBellarmin"
"2014-11-04",NA,"LuisaGuidotti"
"2014-11-04",NA,"francescosgold"
"2014-11-04",NA,"quotidianopiem"
"2014-11-04",NA,"quotidianopiem"
"2014-11-04",NA,"annaljsa"
"2014-11-04",NA,"quotidianopiem"
"2014-11-04",NA,"quotidianopiem"
"2014-11-04",NA,"quotidianopiem"
"2014-11-04",NA,"solops"
"2014-11-04",NA,"quotidianopiem"
"2014-11-04",NA,"BraPiemonte"
"2014-11-04",NA,"branotizie"
"2014-11-04",NA,"quotidianopiem"
"2014-11-04",NA,"quotidianopiem"
"2014-11-04",NA,"BraPiemonte"
"2014-11-04",NA,"claudiutza_"
"2014-11-04",NA,"LPeyretti"
"2014-11-04",NA,"solops"
"2014-11-04",NA,"quotidianopiem"
"2014-11-04",NA,"tony_dalessio"
"2014-11-04",NA,"tony_dalessio"
"2014-11-04",NA,"solops"
"2014-11-04",NA,"sieynard"
"2014-11-04",NA,"quotidianopiem"
"2014-11-04",NA,"quotidianopiem"
"2014-11-04",NA,"novajoinfo"
"2014-11-04",NA,"vittoriopasteris"
"2014-11-04",NA,"quotidianopiem"
"2014-11-04",NA,"Michelerussoing"
"2014-11-04",NA,"FulgenzioB"
"2014-11-04",NA,"solops"
"2014-11-04",NA,"branotizie"
"2014-11-04",NA,"provinciacuneo"
"2014-11-04",NA,"Ossmeteobargone"
"2014-11-04",NA,"quotidianopiem"
"2014-11-04",NA,"provinciacuneo"
"2014-11-04",NA,"provinciacuneo"
"2014-11-04",NA,"Ossmeteobargone"
"2014-11-04",NA,"Ossmeteobargone"
"2014-11-04",NA,"federicoorta"
"2014-11-04",NA,"federicoorta"
"2014-11-04",NA,"Ossmeteobargone"
"2014-11-04",NA,"Ossmeteobargone"
"2014-11-04",NA,"MamixDesign"
"2014-11-04",NA,"ArpaPiemonte"
"2014-11-04",NA,"provinciacuneo"
"2014-11-04",NA,"twitorino"
"2014-11-04",NA,"CapitanAchab"
"2014-11-04",NA,"luca_bracco"
"2014-11-04",NA,"_TheWitch_"
"2014-11-04",NA,"CRIcuneo"
"2014-11-04",NA,"vittoriopasteris"
"2014-11-04",NA,"Miti_Vigliero"
"2014-11-04",NA,"PaolaMilani1"
"2014-11-04",NA,"CapitanAchab"
"2014-11-04",NA,"quotidianopiem"
"2014-11-04",NA,"LuxGandi"
"2014-11-04",NA,"luca_bracco"
"2014-11-04",NA,"quotidianopiem"
"2014-11-04",NA,"federicoorta"
"2014-11-04",NA,"annmavi"
"2014-11-04",NA,"Miti_Vigliero"
"2014-11-04",NA,"jacopogiliberto"
"2014-11-04",NA,"emabelli13"
"2014-11-04",NA,"ladyslao"
"2014-11-04",NA,"emabelli13"
"2014-11-04",NA,"CRIcuneo"
"2014-11-04",NA,"emabelli13"
"2014-11-04",NA,"ElenaAmista"
"2014-11-04",NA,"GabbroIT"
"2014-11-04",NA,"CesareGerbino"
"2014-11-04",NA,"provinciacuneo"
"2014-11-04",NA,"bepin69"
"2014-11-04",NA,"killroy1966"
"2014-11-04",NA,"CostrIlFuturo"
"2014-11-04",NA,"CRIcuneo"
"2014-11-04",NA,"GabbroIT"
"2014-11-04",NA,"Lequazione"
"2014-11-04",NA,"Lequazione"
"2014-11-04",NA,"Lequazione"
"2014-11-04",NA,"emabelli13"
"2014-11-04",NA,"Lequazione"
"2014-11-04",NA,"provinciacuneo"
"2014-11-04",NA,"ITnewsCN"
"2014-11-04",NA,"silviaindump"
"2014-11-04",NA,"ArpaPiemonte"
"2014-11-04",NA,"Beppeley"
"2014-11-04",NA,"Beppeley"
"2014-11-04",NA,"ArpaPiemonte"
"2014-11-04",NA,"FabioTolio"
"2014-11-04",NA,"CRIcuneo"
"2014-11-04",NA,"ArpaPiemonte"
"2014-11-04",NA,"serpilloc"
"2014-11-04",NA,"valenitna"
"2014-11-04",NA,"Beppeley"
"2014-11-04",NA,"ArpaPiemonte"
"2014-11-04",NA,"federicoorta"
"2014-11-04",NA,"PCProvAL"
"2014-11-04",NA,"CRIcuneo"
"2014-11-04",NA,"Miti_Vigliero"
"2014-11-04",NA,"Miti_Vigliero"
"2014-11-04",NA,"Ba_Bars"
"2014-11-04",NA,"usurana"
"2014-11-04",NA,"SimonettaZanchi"
"2014-11-04",NA,"InfolabLeone"
"2014-11-04",NA,"tifizifiafanafa"
"2014-11-04",NA,"tifizifiafanafa"
"2014-11-04",NA,"ArpaPiemonte"
"2014-11-04",NA,"EleGianinetto"
"2014-11-04",NA,"lesherbes"
"2014-11-04",NA,"ArpaPiemonte"
"2014-11-04",NA,"Beppeley"
"2014-11-04",NA,"gatta_selvatica"
"2014-11-04",NA,"PistoneMoris"
"2014-11-04",NA,"Reportermilano"
"2014-11-04",NA,"PNGranParadiso"
"2014-11-04",NA,"AnpasPiemonte"
"2014-11-04",NA,"3dartmike"
"2014-11-04",NA,"Italian_Moments"
"2014-11-04",NA,"UnioneMregalese"
"2014-11-04",NA,"UnioneMregalese"
"2014-11-04",NA,"Uff_StampaCFE"
"2014-11-04",NA,"lanuovagazzetta"
"2014-11-04",NA,"SnowMatty"
"2014-11-04",NA,"lesherbes"
"2014-11-04",NA,"ArpaPiemonte"
"2014-11-04",NA,"p_giampaolo"
"2014-11-04",NA,"federicoorta"
"2014-11-04",NA,"Miti_Vigliero"
"2014-11-04",NA,"aranciaverde"
"2014-11-04",NA,"tecnoboss"
"2014-11-04",NA,"Beppeley"
"2014-11-04",NA,"tranellio"
"2014-11-04",NA,"lesherbes"
"2014-11-04",NA,"RRiboni"
"2014-11-04",NA,"rataplangq"
"2014-11-04",NA,"serpilloc"
"2014-11-04",NA,"rataplangq"
"2014-11-04",NA,"rataplangq"
"2014-11-04",NA,"Miti_Vigliero"
"2014-11-04",NA,"sirgolly"
"2014-11-04",NA,"rataplangq"
"2014-11-04",NA,"rataplangq"
"2014-11-04",NA,"Miti_Vigliero"
"2014-11-04",NA,"sirgolly"
"2014-11-04",NA,"ArpaPiemonte"
"2014-11-04",NA,"usurana"
"2014-11-04",NA,"ValentinaEve"
"2014-11-04",NA,"Miti_Vigliero"
"2014-11-04",NA,"cielomiomarito"
"2014-11-04",NA,"rataplangq"
"2014-11-04",NA,"cielomiomarito"
"2014-11-04",NA,"ArpaPiemonte"
"2014-11-04",NA,"micaela_tatiana"
"2014-11-04",NA,"Miti_Vigliero"
"2014-11-04",NA,"usurana"
"2014-11-04",NA,"GraziaTardo"
"2014-11-04",NA,"rataplangq"
"2014-11-04",NA,"rataplangq"
"2014-11-04",NA,"rataplangq"
"2014-11-04",NA,"aranciaverde"
"2014-11-04",NA,"annabelladellac"
"2014-11-04",NA,"annabelladellac"
"2014-11-04",NA,"comunedianom"
"2014-11-04",NA,"MCamiglia"
"2014-11-04",NA,"quotidianopiem"
"2014-11-04",NA,"quotidianopiem"
"2014-11-04",NA,"quotidianopiem"
"2014-11-04",NA,"quotidianopiem"
"2014-11-04",NA,"donlione1"
"2014-11-04",NA,"AgorLerici"
"2014-11-04",NA,"Italy_global"
"2014-11-04",NA,"lesherbes"
"2014-11-04",NA,"Miti_Vigliero"
"2014-11-04",NA,"lesherbes"
"2014-11-04",NA,"Liguria24News"
"2014-11-04",NA,"JuriLertora"
"2014-11-04",NA,"CapitanAchab"
"2014-11-04",NA,"alpidoc"
"2014-11-04",NA,"ArpaPiemonte"
"2014-11-04",NA,"FSanfilippo71"
"2014-11-04",NA,"IlGuzzy"
"2014-11-04",NA,"Miti_Vigliero"
"2014-11-04",NA,"Giancagt6"
"2014-11-04",NA,"micky_genova"
"2014-11-04",NA,"fo1984"
"2014-11-04",NA,"cielomiomarito"
"2014-11-04",NA,"regionepiemonte"
"2014-11-04",NA,"branotizie"
"2014-11-04",NA,"UnioneMregalese"
"2014-11-04",NA,"cielomiomarito"
"2014-11-04",NA,"SimonaBellarmin"
"2014-11-04",NA,"alpidoc"
"2014-11-04",NA,"CRIcuneo"
"2014-11-04",NA,"vandasarto"
"2014-11-04",NA,"Miti_Vigliero"
"2014-11-04",NA,"Turineis"
"2014-11-04",NA,"nastrorosa"
"2014-11-04",NA,"icioweb73"
"2014-11-04",NA,"michdavico"
"2014-11-04",NA,"michdavico"
"2014-11-04",NA,"Miti_Vigliero"
"2014-11-04",NA,"ArpaPiemonte"
"2014-11-04",NA,"nastrorosa"
"2014-11-04",NA,"ArpaPiemonte"
"2014-11-04",NA,"diAlessandria"
"2014-11-04",NA,"provinciacuneo"
"2014-11-04",NA,"GiovaneArcadia"
"2014-11-04",NA,"CRIcuneo"
"2014-11-04",NA,"CapitanAchab"
"2014-11-04",NA,"Novara_e_Varese"
"2014-11-04",NA,"nastrorosa"
"2014-11-04",NA,"nadiameriggio"
"2014-11-04",NA,"Miriam8112"
"2014-11-04",NA,"quotidianopiem"
"2014-11-04",NA,"quotidianopiem"
"2014-11-04",NA,"francescosgold"
"2014-11-04",NA,"francescosgold"
"2014-11-04",NA,"Miti_Vigliero"
"2014-11-04",NA,"Miti_Vigliero"
"2014-11-04",NA,"emabelli13"
"2014-11-04",NA,"vittoriopasteris"
"2014-11-04",NA,"quotidianopiem"
"2014-11-04",NA,"quotidianopiem"
"2014-11-04",NA,"cielomiomarito"
"2014-11-04",NA,"ArpaPiemonte"
"2014-11-04",NA,"pierin2agosto"
"2014-11-04",NA,"Aringoogle"
"2014-11-04",NA,"Aringoogle"
"2014-11-04",NA,"CRIcuneo"
"2014-11-04",NA,"quotidianopiem"
"2014-11-04",NA,"Ossmeteobargone"
"2014-11-04",NA,"Ossmeteobargone"
"2014-11-04",NA,"azz60"
"2014-11-04",NA,"Ossmeteobargone"
"2014-11-04",NA,"quotidianopiem"
"2014-11-04",NA,"Miti_Vigliero"
"2014-11-04",NA,"usurana"
"2014-11-04",NA,"ArpaPiemonte"
"2014-11-04",NA,"PCPontestura"
"2014-11-04",NA,"quotidianopiem"
"2014-11-04",NA,"Marinamas"
"2014-11-04",NA,"Monica_torino"
"2014-11-04",NA,"Marinamas"
"2014-11-04",NA,"emerge67"
"2014-11-04",NA,"ArpaPiemonte"
"2014-11-04",NA,"dariodf70"
"2014-11-04",NA,"ArpaPiemonte"
"2014-11-04",NA,"nastrorosa"
"2014-11-04",NA,"CRIcuneo"
"2014-11-04",NA,"Catta_lele"
"2014-11-04",NA,"Miti_Vigliero"
"2014-11-04",NA,"ArpaPiemonte"
"2014-11-04",NA,"lesherbes"
"2014-11-04",NA,"CapitanAchab"
"2014-11-04",NA,"Lecchinimichele"
"2014-11-04",NA,"laranamilanese"
"2014-11-04",NA,"Stefanosav1972"
"2014-11-04",NA,"TuLangheRoero"
"2014-11-04",NA,"Ossmeteobargone"
"2014-11-04",NA,"DaniPitarresi"
"2014-11-04",NA,"DavideGavi"
"2014-11-04",NA,"lanuovagazzetta"
"2014-11-04",NA,"Miriam8112"
"2014-11-04",NA,"FabriBor"
"2014-11-04",NA,"ArpaPiemonte"
"2014-11-04",NA,"ArpaPiemonte"
"2014-11-04",NA,"DavideGavi"
"2014-11-04",NA,"ClaudiaCavadore"
"2014-11-04",NA,"quotidianopiem"
"2014-11-04",NA,"_TheWitch_"
"2014-11-04",NA,"_TheWitch_"
"2014-11-04",NA,"Miti_Vigliero"
"2014-11-04",NA,"RadioBeckwith"
"2014-11-04",NA,"vittoriopasteris"
"2014-11-04",NA,"PCPontestura"
"2014-11-04",NA,"lesherbes"
"2014-11-04",NA,"UnioneMregalese"
"2014-11-04",NA,"Guarene2020"
"2014-11-04",NA,"Granda_p_Comuni"
"2014-11-04",NA,"_TheWitch_"
"2014-11-04",NA,"quotidianopiem"
"2014-11-04",NA,"davvedder"
"2014-11-04",NA,"quotidianopiem"
"2014-11-04",NA,"blogalessandria"
"2014-11-04",NA,"blogalessandria"
"2014-11-04",NA,"twandreazara"
"2014-11-04",NA,"blogalessandria"
"2014-11-04",NA,"Kottomano"
"2014-11-04",NA,"annabelladellac"
"2014-11-04",NA,"blogalessandria"
"2014-11-04",NA,"blogalessandria"
"2014-11-04",NA,"genesdegenes"
"2014-11-04",NA,"CRIcuneo"
"2014-11-04",NA,"Annathelion"
"2014-11-04",NA,"lesherbes"
"2014-11-04",NA,"lesherbes"
"2014-11-04",NA,"PinoRaspante"
"2014-11-04",NA,"ArpaPiemonte"
"2014-11-04",NA,"Drupyfeddy"
"2014-11-04",NA,"DavideGavi"
"2014-11-04",NA,"quotidianopiem"
"2014-11-04",NA,"ArpaPiemonte"
"2014-11-04",NA,"ArpaPiemonte"
"2014-11-04",NA,"fulvio64"
"2014-11-04",NA,"fefucchio"
"2014-11-04",NA,"SoniaFrizziero"
"2014-11-04",NA,"fabrizioxt660z"
"2014-11-04",NA,"RadioGoldAl"
"2014-11-04",NA,"quotidianopiem"
"2014-11-04",NA,"diAlessandria"
"2014-11-04",NA,"Marinamas"
"2014-11-04",NA,"dileguossi"
"2014-11-04",NA,"ale_gianlu"
"2014-11-04",NA,"giovanni_dutto"
"2014-11-04",NA,"FraBaraghini"
"2014-11-04",NA,"Emergenza24"
"2014-11-04",NA,"sweikosha"
"2014-11-04",NA,"yes_political"
"2014-11-04",NA,"lgiovangiacomo"
"2014-11-04",NA,"RodolfoBrutti"
"2014-11-04",NA,"strofuggi"
"2014-11-04",NA,"simoninchi"
"2014-11-04",NA,"sixbladeknife57"
"2014-11-04",NA,"carcarla81"
"2014-11-04",NA,"Ale81Na"
"2014-11-04",NA,"marconipop"
"2014-11-04",NA,"yes_political"
"2014-11-04",NA,"AlbertoDaniele0"
"2014-11-04",NA,"zarquonit"
"2014-11-04",NA,"elisabettamass3"
"2014-11-04",NA,"robertore62"
"2014-11-04",NA,"ERA_Arenzano"
"2014-11-04",NA,"LucaLombroso"
"2014-11-04",NA,"SoniaFrizziero"
"2014-11-04",NA,"Quezzimeteo"
"2014-11-04",NA,"gatta_selvatica"
"2014-11-04",NA,"soprailsette"
"2014-11-04",NA,"frassannino"
"2014-11-04",NA,"sulsitodisimone"
"2014-11-04",NA,"lesherbes"
"2014-11-04",NA,"silvianalon"
"2014-11-04",NA,"lesherbes"
"2014-11-04",NA,"oneto81"
"2014-11-04",NA,"CostrIlFuturo"
"2014-11-04",NA,"frassannino"
"2014-11-04",NA,"rosybattaglia"
"2014-11-04",NA,"QCanavese"
"2014-11-04",NA,"micky_genova"
"2014-11-04",NA,"antnqu"
"2014-11-04",NA,"frassannino"
"2014-11-04",NA,"fpresot"
"2014-11-04",NA,"annaBusca"
"2014-11-04",NA,"quotidianopiem"
"2014-11-04",NA,"Blu_391"
"2014-11-04",NA,"Giov1947"
"2014-11-04",NA,"SimonaBellarmin"
"2014-11-04",NA,"italia_24news"
"2014-11-04",NA,"annabelladellac"
"2014-11-04",NA,"MarcoTalluto"
"2014-11-04",NA,"DavideGavi"
"2014-11-04",NA,"micky_genova"
"2014-11-04",NA,"fiordisale"
"2014-11-04",NA,"_TheWitch_"
"2014-11-04",NA,"ziogian67"
"2014-11-04",NA,"genesdegenes"
"2014-11-04",NA,"quotidianopiem"
"2014-11-04",NA,"frafra61_rossi"
"2014-11-04",NA,"FedericoBauMici"
"2014-11-04",NA,"quotidianopiem"
"2014-11-04",NA,"Ossmeteobargone"
"2014-11-04",NA,"speruzx"
"2014-11-04",NA,"Marinamas"
"2014-11-04",NA,"Marinamas"
"2014-11-04",NA,"naneoca"
"2014-11-04",NA,"CarloAlterego"
"2014-11-04",NA,"LauraDelT"
"2014-11-04",NA,"nonperbenista"
"2014-11-04",NA,"LauraDelT"
"2014-11-04",NA,"gherbitz"
"2014-11-04",NA,"AnnaChiara_Des"
"2014-11-04",NA,"Marinamas"
"2014-11-04",NA,"Marinamas"
"2014-11-04",NA,"telesu_tv"
"2014-11-04",NA,"telesu_tv"
"2014-11-04",NA,"telesu_tv"
"2014-11-04",NA,"gabrielezagni"
"2014-11-04",NA,"CRIcuneo"
"2014-11-04",NA,"bigfab1"
"2014-11-04",NA,"beverinoboschi"
"2014-11-04",NA,"gabrielezagni"
"2014-11-04",NA,"DanyDeg77"
"2014-11-04",NA,"FraBaraghini"
"2014-11-04",NA,"Lozioalbe"
"2014-11-04",NA,"aliceborutti"
"2014-11-04",NA,"kirsypu"
"2014-11-04",NA,"ArchCmc"
"2014-11-04",NA,"chiaramanna"
"2014-11-04",NA,"areopago1"
"2014-11-04",NA,"quotidianopiem"
"2014-11-04",NA,"RomyHellas"
"2014-11-04",NA,"quotidianopiem"
"2014-11-04",NA,"zarquonit"
"2014-11-04",NA,"quotidianopiem"
"2014-11-04",NA,"quotidianopiem"
"2014-11-04",NA,"FabioMarelli"
"2014-11-04",NA,"quotidianopiem"
"2014-11-04",NA,"strofuggi"
"2014-11-04",NA,"Miti_Vigliero"
"2014-11-04",NA,"AValabrega"
"2014-11-04",NA,"AValabrega"
"2014-11-04",NA,"quotidianopiem"
"2014-11-04",NA,"Criss76Cristina"
"2014-11-04",NA,"madbob"
"2014-11-04",NA,"VitSavoia"
"2014-11-04",NA,"FedeDeGiacomo"
"2014-11-04",NA,"FedeDeGiacomo"
"2014-11-04",NA,"manueghibs"
"2014-11-04",NA,"emabelli13"
"2014-11-04",NA,"emabelli13"
"2014-11-04",NA,"Settala5Stelle"
"2014-11-04",NA,"ArpaPiemonte"
"2014-11-04",NA,"AValabrega"
"2014-11-04",NA,"telesu_tv"
"2014-11-04",NA,"telesu_tv"
"2014-11-04",NA,"telesu_tv"
"2014-11-04",NA,"ArpaPiemonte"
"2014-11-04",NA,"Miti_Vigliero"
"2014-11-04",NA,"Marinamas"
"2014-11-04",NA,"Marinamas"
"2014-11-04",NA,"blogalessandria"
"2014-11-04",NA,"ElisaCasetta"
"2014-11-04",NA,"antonellaval6"
"2014-11-04",NA,"gabrielezagni"
"2014-11-04",NA,"giornaleprociv"
"2014-11-04",NA,"lesherbes"
"2014-11-04",NA,"TweetAndChips"
"2014-11-04",NA,"ArpaPiemonte"
"2014-11-04",NA,"putredine"
"2014-11-04",NA,"Turineis"
"2014-11-04",NA,"Turineis"
"2014-11-04",NA,"wwwmeteoit"
"2014-11-04",NA,"lesherbes"
"2014-11-04",NA,"Miti_Vigliero"
"2014-11-04",NA,"FabriBor"
"2014-11-04",NA,"tottissima"
"2014-11-04",NA,"PerezSilvina"
"2014-11-04",NA,"rataplangq"
"2014-11-04",NA,"Miti_Vigliero"
"2014-11-04",NA,"rataplangq"
"2014-11-04",NA,"inLanghe"
"2014-11-04",NA,"inLanghe"
"2014-11-04",NA,"quotidianopiem"
"2014-11-04",NA,"quotidianopiem"
"2014-11-04",NA,"genesdegenes"
"2014-11-04",NA,"quotidianopiem"
"2014-11-04",NA,"Miti_Vigliero"
"2014-11-04",NA,"annabelladellac"
"2014-11-05",NA,"Miti_Vigliero"
"2014-11-05",NA,"ArpaPiemonte"
"2014-11-05",NA,"vittoriopasteris"
"2014-11-05",NA,"quotidianopiem"
"2014-11-05",NA,"krikali"
"2014-11-05",NA,"marisabravi"
"2014-11-05",NA,"rogerverbalkint"
"2014-11-05",NA,"rogerverbalkint"
"2014-11-05",NA,"ArpaPiemonte"
"2014-11-05",NA,"ArpaPiemonte"
"2014-11-05",NA,"ArpaPiemonte"
"2014-11-05",NA,"ArpaPiemonte"
"2014-11-05",NA,"ArpaPiemonte"
"2014-11-05",NA,"yes_political"
"2014-11-05",NA,"lucamarchesi9"
"2014-11-05",NA,"MisteriLago"
"2014-11-05",NA,"ERA_Arenzano"
"2014-11-05",NA,"magister_ed"
"2014-11-05",NA,"crpiemonte"
"2014-11-05",NA,"discoradioIT"
"2014-11-05",NA,"PaoloDrago1"
"2014-11-05",NA,"quotidianopiem"
"2014-11-05",NA,"ArpaPiemonte"
"2014-11-05",NA,"ArpaPiemonte"
"2014-11-05",NA,"Ossmeteobargone"
"2014-11-05",NA,"quotidianopiem"
"2014-11-05",NA,"Robbetta"
"2014-11-05",NA,"e_cce"
"2014-11-05",NA,"ArpaPiemonte"
"2014-11-05",NA,"ArpaPiemonte"
"2014-11-05",NA,"emabelli13"
"2014-11-05",NA,"emabelli13"
"2014-11-05",NA,"ScattiDLuce"
"2014-11-05",NA,"quotidianopiem"
"2014-11-05",NA,"federicoorta"
"2014-11-05",NA,"discoradioIT"
"2014-11-05",NA,"lachardouse"
"2014-11-05",NA,"crpiemonte"
"2014-11-05",NA,"fircbvercelli"
"2014-11-05",NA,"lesherbes"
"2014-11-05",NA,"Ossmeteobargone"
"2014-11-05",NA,"Ossmeteobargone"
"2014-11-05",NA,"Lequazione"
"2014-11-05",NA,"discoradioIT"
"2014-11-05",NA,"FabioMarelli"
"2014-11-05",NA,"rataplangq"
"2014-11-05",NA,"SOL_CRI_Giaveno"
"2014-11-05",NA,"CRIcuneo"
"2014-11-05",NA,"O_franci_O"
"2014-11-05",NA,"O_franci_O"
"2014-11-05",NA,"giornaleprociv"
"2014-11-05",NA,"ArpaPiemonte"
"2014-11-05",NA,"quotidianopiem"
"2014-11-05",NA,"quotidianopiem"
"2014-11-05",NA,"nastrorosa"
"2014-11-05",NA,"ArpaPiemonte"
"2014-11-05",NA,"ArpaPiemonte"
"2014-11-05",NA,"Aringoogle"
"2014-11-05",NA,"quotidianopiem"
"2014-11-05",NA,"quotidianopiem"
"2014-11-05",NA,"quotidianopiem"
"2014-11-05",NA,"ArpaPiemonte"
"2014-11-05",NA,"quotidianopiem"
"2014-11-05",NA,"GruppoPDPiem"
"2014-11-05",NA,"ArpaPiemonte"
"2014-11-05",NA,"diAlessandria"
"2014-11-05",NA,"quotidianopiem"
"2014-11-05",NA,"quotidianopiem"
"2014-11-05",NA,"quotidianopiem"
"2014-11-05",NA,"RadioBeckwith"
"2014-11-05",NA,"quotidianopiem"
"2014-11-05",NA,"nastrorosa"
"2014-11-05",NA,"RegolaSrl"
"2014-11-05",NA,"Beppeley"
"2014-11-05",NA,"quotidianopiem"
"2014-11-05",NA,"torinonightlife"
"2014-11-05",NA,"quotidianopiem"
"2014-11-05",NA,"vittoriopasteris"
"2014-11-05",NA,"Nuovi_Turismi"
"2014-11-05",NA,"LeoneEnrica"
"2014-11-05",NA,"crpiemonte"
"2014-11-05",NA,"riskiomap"
"2014-11-05",NA,"QuiNewsMassaCar"
"2014-11-05",NA,"CRIcuneo"
"2014-11-05",NA,"CRIcuneo"
"2014-11-05",NA,"Ehizedeffo"
"2014-11-05",NA,"SOL_CRI_Giaveno"
"2014-11-05",NA,"QCanavese"
"2014-11-05",NA,"serpilloc"
"2014-11-05",NA,"ilVergante"
"2014-11-05",NA,"FPiemontesaRos"
"2014-11-05",NA,"nastrorosa"
"2014-11-05",NA,"Miti_Vigliero"
"2014-11-05",NA,"FrncscPltn"
"2014-11-05",NA,"Miti_Vigliero"
"2014-11-05",NA,"FrncscPltn"
"2014-11-05",NA,"FeaCoal"
"2014-11-05",NA,"annmavi"
"2014-11-05",NA,"quotidianopiem"
"2014-11-05",NA,"quotidianopiem"
"2014-11-05",NA,"quotidianopiem"
"2014-11-05",NA,"nastrorosa"
"2014-11-05",NA,"albemaff"
"2014-11-05",NA,"nastrorosa"
"2014-11-05",NA,"Miti_Vigliero"
"2014-11-05",NA,"kiralyneSissi"
"2014-11-05",NA,"mmanca"
"2014-11-05",NA,"Turineis"
"2014-11-05",NA,"nastrorosa"
"2014-11-05",NA,"alfonso6403"
"2014-11-05",NA,"antonio_gemelli"
"2014-11-05",NA,"ArpaPiemonte"
"2014-11-05",NA,"CRIcuneo"
"2014-11-05",NA,"FabioMarelli"
"2014-11-05",NA,"FabioMarelli"
"2014-11-05",NA,"quotidianopiem"
"2014-11-05",NA,"QCanavese"
"2014-11-05",NA,"QCanavese"
"2014-11-05",NA,"CRIcuneo"
"2014-11-05",NA,"rosa36542769"
"2014-11-06",NA,"valenitna"
"2014-11-06",NA,"quotidianopiem"
"2014-11-06",NA,"nastrorosa"
"2014-11-06",NA,"CastellanetaTW"
"2014-11-06",NA,"CastellanetaTW"
"2014-11-06",NA,"giornaleprociv"
"2014-11-06",NA,"ERA_Arenzano"
"2014-11-06",NA,"ArpaPiemonte"
"2014-11-06",NA,"ilVergante"
"2014-11-06",NA,"DiVi84"
"2014-11-08",NA,"ilariolarosageo"
"2014-11-09",NA,"ArpaPiemonte"
"2014-11-09",NA,"lesherbes"
"2014-11-09",NA,"putredine"
"2014-11-09",NA,"ArpaPiemonte"
"2014-11-09",NA,"FabriBor"
"2014-11-09",NA,"Giancagt6"
"2014-11-09",NA,"ArpaPiemonte"
"2014-11-09",NA,"Stefano_Corda"
"2014-11-09",NA,"parodi_lucio"
"2014-11-09",NA,"ArpaPiemonte"
"2014-11-09",NA,"ArpaPiemonte"
"2014-11-09",NA,"Ossmeteobargone"
"2014-11-09",NA,"Ossmeteobargone"
"2014-11-09",NA,"MVaccariello"
"2014-11-09",NA,"Photonat_it"
"2014-11-09",NA,"ArpaPiemonte"
"2014-11-09",NA,"chececo"
"2014-11-09",NA,"FabriBor"
"2014-11-09",NA,"quotidianopiem"
"2014-11-09",NA,"RobertoZunino1"
"2014-11-09",NA,"quotidianopiem"
"2014-11-09",NA,"fabrimoon"
"2014-11-09",NA,"Aringoogle"
"2014-11-09",NA,"ilVergante"
"2014-11-09",NA,"Turineis"
"2014-11-09",NA,"Turineis"
"2014-11-09",NA,"Guarene2020"
"2014-11-09",NA,"Vic2Alex"
"2014-11-09",NA,"crocerossabusca"
"2014-11-09",NA,"cemarco"
"2014-11-10",NA,"ArpaPiemonte"
"2014-11-10",NA,"Ossmeteobargone"
"2014-11-10",NA,"muoversintoscan"
"2014-11-10",NA,"freccia_92"
"2014-11-10",NA,"ArpaPiemonte"
"2014-11-10",NA,"ArpaPiemonte"
"2014-11-10",NA,"putredine"
"2014-11-10",NA,"Ossmeteobargone"
"2014-11-10",NA,"Romy_Effe"
"2014-11-10",NA,"ArpaPiemonte"
"2014-11-10",NA,"PaolaMilani1"
"2014-11-10",NA,"BORGHETTOdiVARA"
"2014-11-10",NA,"crpiemonte"
"2014-11-10",NA,"Sim0wrc"
"2014-11-10",NA,"crpiemonte"
"2014-11-10",NA,"twitorino"
"2014-11-10",NA,"CapitanAchab"
"2014-11-10",NA,"tezzin"
"2014-11-10",NA,"S_Lor75"
"2014-11-10",NA,"emabelli13"
"2014-11-10",NA,"ArpaPiemonte"
"2014-11-10",NA,"crpiemonte"
"2014-11-10",NA,"MVaccariello"
"2014-11-10",NA,"MVaccariello"
"2014-11-10",NA,"ArpaPiemonte"
"2014-11-10",NA,"QCanavese"
"2014-11-10",NA,"nastrorosa"
"2014-11-10",NA,"giornaleprociv"
"2014-11-10",NA,"Giancagt6"
"2014-11-10",NA,"IZ2GAJ"
"2014-11-10",NA,"Protcivnews"
"2014-11-10",NA,"RadioPerusia"
"2014-11-10",NA,"RadioPerusia"
"2014-11-10",NA,"nastrorosa"
"2014-11-10",NA,"scatellani79"
"2014-11-10",NA,"Beppeley"
"2014-11-10",NA,"quotidianopiem"
"2014-11-10",NA,"quotidianopiem"
"2014-11-10",NA,"branotizie"
"2014-11-10",NA,"ArpaPiemonte"
"2014-11-10",NA,"branotizie"
"2014-11-10",NA,"JeromeDoukakis"
"2014-11-10",NA,"twitorino"
"2014-11-10",NA,"AlessiaCrawley"
"2014-11-10",NA,"newsTorino"
"2014-11-10",NA,"ilVergante"
"2014-11-10",NA,"Nora_Makia"
"2014-11-10",NA,"alenasi83"
"2014-11-10",NA,"dariosnoopy"
"2014-11-10",NA,"tezzin"
"2014-11-10",NA,"IlGuzzy"
"2014-11-10",NA,"ElaCocco"
"2014-11-10",NA,"Rafagirl_TeamLH"
"2014-11-10",NA,"Ossmeteobargone"
"2014-11-10",NA,"valetosone"
"2014-11-10",NA,"QCanavese"
"2014-11-10",NA,"Felixia75"
"2014-11-10",NA,"ArpaPiemonte"
"2014-11-10",NA,"enrico_ortolan"
"2014-11-10",NA,"MauraViani"
"2014-11-10",NA,"enrico_ortolan"
"2014-11-10",NA,"quotidianopiem"
"2014-11-10",NA,"Turineis"
"2014-11-10",NA,"FedeDeGiacomo"
"2014-11-10",NA,"GPoggialini"
"2014-11-10",NA,"SimonZan"
"2014-11-10",NA,"camerafreckles"
"2014-11-11",NA,"ArpaPiemonte"
"2014-11-11",NA,"ArpaPiemonte"
"2014-11-11",NA,"ArpaPiemonte"
"2014-11-11",NA,"Romy_Effe"
"2014-11-11",NA,"FabriBor"
"2014-11-11",NA,"FabriBor"
"2014-11-11",NA,"putredine"
"2014-11-11",NA,"quotidianopiem"
"2014-11-11",NA,"quotidianopiem"
"2014-11-11",NA,"Tanargue"
"2014-11-11",NA,"Beppeley"
"2014-11-11",NA,"Guarene2020"
"2014-11-11",NA,"ArpaPiemonte"
"2014-11-11",NA,"Marco_chp1"
"2014-11-11",NA,"Aringoogle"
"2014-11-11",NA,"PCPontestura"
"2014-11-11",NA,"bc_emergenza"
"2014-11-11",NA,"gianlucamorino"
"2014-11-11",NA,"gianlucamorino"
"2014-11-11",NA,"ilVergante"
"2014-11-11",NA,"ArpaPiemonte"
"2014-11-11",NA,"Annathelion"
"2014-11-11",NA,"crpiemonte"
"2014-11-11",NA,"Romy_Effe"
"2014-11-11",NA,"quotidianopiem"
"2014-11-11",NA,"vittoriopasteris"
"2014-11-11",NA,"lanuovagazzetta"
"2014-11-11",NA,"JamesElio"
"2014-11-11",NA,"ArpaPiemonte"
"2014-11-11",NA,"Monica_torino"
"2014-11-11",NA,"PaolaMilani1"
"2014-11-11",NA,"branotizie"
"2014-11-11",NA,"CorriereChieri"
"2014-11-11",NA,"RobertBordignon"
"2014-11-11",NA,"bepin69"
"2014-11-11",NA,"SimonaBellarmin"
"2014-11-11",NA,"VillamInFoto"
"2014-11-11",NA,"SOL_CRI_Giaveno"
"2014-11-11",NA,"tifizifiafanafa"
"2014-11-11",NA,"piemonte_is"
"2014-11-11",NA,"3dartmike"
"2014-11-11",NA,"LucaGattuso"
"2014-11-11",NA,"quotidianopiem"
"2014-11-11",NA,"vittoriopasteris"
"2014-11-11",NA,"quotidianopiem"
"2014-11-11",NA,"vittoriopasteris"
"2014-11-11",NA,"AlexandrNevskij"
"2014-11-11",NA,"Reportermilano"
"2014-11-11",NA,"gavisince972"
"2014-11-11",NA,"ArpaPiemonte"
"2014-11-11",NA,"nastrorosa"
"2014-11-11",NA,"nastrorosa"
"2014-11-11",NA,"RadioPerusia"
"2014-11-11",NA,"RadioPerusia"
"2014-11-11",NA,"diAlessandria"
"2014-11-11",NA,"quotidianopiem"
"2014-11-11",NA,"nastrorosa"
"2014-11-11",NA,"federicaghiga"
"2014-11-11",NA,"_TheWitch_"
"2014-11-11",NA,"Ossmeteobargone"
"2014-11-11",NA,"Ossmeteobargone"
"2014-11-11",NA,"bc_emergenza"
"2014-11-11",NA,"CattoAngelo"
"2014-11-11",NA,"MonicaSella79"
"2014-11-11",NA,"Davide_Valieri"
"2014-11-11",NA,"Patrizia0758"
"2014-11-11",NA,"Il__toscano"
"2014-11-11",NA,"AutoconAutista"
"2014-11-11",NA,"quotidianopiem"
"2014-11-11",NA,"Losille_"
"2014-11-11",NA,"quotidianopiem"
"2014-11-11",NA,"comilara"
"2014-11-11",NA,"Losille_"
"2014-11-11",NA,"ANGEBRIXIA"
"2014-11-11",NA,"donlione1"
"2014-11-11",NA,"caterinadelpero"
"2014-11-11",NA,"LorLiga"
"2014-11-11",NA,"pasqu85"
"2014-11-11",NA,"er_canaro"
"2014-11-11",NA,"Stefano_Summa"
"2014-11-11",NA,"Gianlucard70"
"2014-11-11",NA,"ProteggereI"
"2014-11-11",NA,"diAlessandria"
"2014-11-11",NA,"quotidianopiem"
"2014-11-11",NA,"giornaleprociv"
"2014-11-11",NA,"PCFonteno"
"2014-11-11",NA,"claudiutza_"
"2014-11-11",NA,"solops"
"2014-11-11",NA,"ArpaPiemonte"
"2014-11-11",NA,"ArpaPiemonte"
"2014-11-11",NA,"Stefano_Summa"
"2014-11-11",NA,"ArpaPiemonte"
"2014-11-11",NA,"Novara_e_Varese"
"2014-11-11",NA,"Novara_e_Varese"
"2014-11-11",NA,"ProCivRozzano"
"2014-11-11",NA,"Sweetkisskaty"
"2014-11-11",NA,"CapitanAchab"
"2014-11-11",NA,"solops"
"2014-11-11",NA,"ProteggereI"
"2014-11-11",NA,"pierderici"
"2014-11-11",NA,"vittoriopasteris"
"2014-11-11",NA,"quotidianopiem"
"2014-11-11",NA,"quotidianopiem"
"2014-11-11",NA,"quotidianopiem"
"2014-11-11",NA,"quotidianopiem"
"2014-11-11",NA,"quotidianopiem"
"2014-11-11",NA,"sararocutto"
"2014-11-11",NA,"quotidianopiem"
"2014-11-11",NA,"ScriviCOMI"
"2014-11-11",NA,"PiemonteInforma"
"2014-11-11",NA,"DanyDeg77"
"2014-11-11",NA,"ExTimUpperClass"
"2014-11-11",NA,"ilVergante"
"2014-11-11",NA,"solops"
"2014-11-11",NA,"quotidianopiem"
"2014-11-11",NA,"DavideGavi"
"2014-11-11",NA,"quotidianopiem"
"2014-11-11",NA,"vittoriopasteris"
"2014-11-11",NA,"ArpaPiemonte"
"2014-11-11",NA,"valigiablu"
"2014-11-11",NA,"freepresspiem"
"2014-11-11",NA,"quotidianopiem"
"2014-11-11",NA,"quotidianopiem"
"2014-11-11",NA,"Miti_Vigliero"
"2014-11-11",NA,"SoniaFrizziero"
"2014-11-11",NA,"ArpaPiemonte"
"2014-11-11",NA,"ArpaPiemonte"
"2014-11-11",NA,"lesherbes"
"2014-11-11",NA,"nadiameriggio"
"2014-11-11",NA,"SoaveAnna"
"2014-11-11",NA,"giornaleprociv"
"2014-11-11",NA,"Protcivnews"
"2014-11-11",NA,"PROCIVMFlavio"
"2014-11-11",NA,"nadiameriggio"
"2014-11-11",NA,"nadiameriggio"
"2014-11-11",NA,"SoaveAnna"
"2014-11-11",NA,"rndt_it"
"2014-11-11",NA,"sirgolly"
"2014-11-11",NA,"vittoriopasteris"
"2014-11-11",NA,"quotidianopiem"
"2014-11-11",NA,"Coccynella500"
"2014-11-11",NA,"PgCipriano"
"2014-11-11",NA,"savoringitaly"
"2014-11-11",NA,"Miti_Vigliero"
"2014-11-11",NA,"crpiemonte"
"2014-11-11",NA,"ERA_Arenzano"
"2014-11-11",NA,"giornaleprociv"
"2014-11-11",NA,"Protcivnews"
"2014-11-11",NA,"ProteggereI"
"2014-11-11",NA,"ProteggereI"
"2014-11-11",NA,"diAlessandria"
"2014-11-11",NA,"Stefano_Summa"
"2014-11-11",NA,"FPiemontesaRos"
"2014-11-11",NA,"IZ2GAJ"
"2014-11-11",NA,"crpiemonte"
"2014-11-11",NA,"quotidianopiem"
"2014-11-11",NA,"quotidianopiem"
"2014-11-11",NA,"FedeDeGiacomo"
"2014-11-11",NA,"vogliadicaffe"
"2014-11-11",NA,"StivalePensante"
"2014-11-11",NA,"tecnogandalf"
"2014-11-11",NA,"FedeDeGiacomo"
"2014-11-11",NA,"quotidianopiem"
"2014-11-11",NA,"spanosimone"
"2014-11-11",NA,"christianmaran"
"2014-11-11",NA,"spanosimone"
"2014-11-11",NA,"diAlessandria"
"2014-11-11",NA,"ArpaPiemonte"
"2014-11-11",NA,"Stefano_Summa"
"2014-11-11",NA,"spanosimone"
"2014-11-11",NA,"ArpaPiemonte"
"2014-11-11",NA,"wwwmeteoit"
"2014-11-11",NA,"vittoriopasteris"
"2014-11-11",NA,"Ossmeteobargone"
"2014-11-11",NA,"pianetagenoa"
"2014-11-11",NA,"Ossmeteobargone"
"2014-11-11",NA,"ilVergante"
"2014-11-11",NA,"ProCivTrezzanoR"
"2014-11-11",NA,"Ossmeteobargone"
"2014-11-11",NA,"spanosimone"
"2014-11-11",NA,"ERA_Arenzano"
"2014-11-11",NA,"nastrorosa"
"2014-11-11",NA,"cvpc_cinisello"
"2014-11-11",NA,"Ossmeteobargone"
"2014-11-11",NA,"diAlessandria"
"2014-11-11",NA,"ArpaPiemonte"
"2014-11-11",NA,"ilVergante"
"2014-11-11",NA,"ArpaPiemonte"
"2014-11-11",NA,"robertore62"
"2014-11-11",NA,"piemonteis_org"
"2014-11-11",NA,"lesherbes"
"2014-11-11",NA,"andrpiazza"
"2014-11-11",NA,"FedeDeGiacomo"
"2014-11-11",NA,"bigfab1"
"2014-11-11",NA,"chiarapellegri9"
"2014-11-11",NA,"quotidianopiem"
"2014-11-11",NA,"vittoriopasteris"
"2014-11-11",NA,"FedeDeGiacomo"
"2014-11-11",NA,"SuozziElena"
"2014-11-11",NA,"ArpaPiemonte"
"2014-11-11",NA,"ILSOB1LL4"
"2014-11-11",NA,"FabioSbonch"
"2014-11-11",NA,"FabioSbonch"
"2014-11-11",NA,"FabioSbonch"
"2014-11-11",NA,"daniballardini"
"2014-11-11",NA,"daniballardini"
"2014-11-11",NA,"daniballardini"
"2014-11-11",NA,"ArpaPiemonte"
"2014-11-11",NA,"InformAzioneRed"
"2014-11-11",NA,"FabioSbonch"
"2014-11-11",NA,"GiuseppeMastro2"
"2014-11-11",NA,"ArpaPiemonte"
"2014-11-11",NA,"valenitna"
"2014-11-11",NA,"ChiaraBianchini"
"2014-11-11",NA,"Aline_Carr"
"2014-11-11",NA,"MonicaSella79"
"2014-11-11",NA,"Patrizia0758"
"2014-11-11",NA,"patc06"
"2014-11-11",NA,"Mariuccini1"
"2014-11-11",NA,"Emergenza20"
"2014-11-11",NA,"lesherbes"
"2014-11-11",NA,"QCanavese"
"2014-11-11",NA,"DomenicaMita"
"2014-11-11",NA,"AlexandrNevskij"
"2014-11-11",NA,"chiarapellegri9"
"2014-11-11",NA,"ppn57"
"2014-11-11",NA,"talentosprecato"
"2014-11-11",NA,"nastrorosa"
"2014-11-11",NA,"quotidianopiem"
"2014-11-11",NA,"ArpaPiemonte"
"2014-11-11",NA,"ValeriaTomei75"
"2014-11-11",NA,"FedeDeGiacomo"
"2014-11-11",NA,"quotidianopiem"
"2014-11-11",NA,"ArpaPiemonte"
"2014-11-11",NA,"vittoriopasteris"
"2014-11-11",NA,"MariKittyPirate"
"2014-11-11",NA,"Monica_torino"
"2014-11-11",NA,"FedeDeGiacomo"
"2014-11-11",NA,"ArpaPiemonte"
"2014-11-11",NA,"MAURI59N"
"2014-11-11",NA,"ilVergante"
"2014-11-11",NA,"wwwmeteoit"
"2014-11-11",NA,"enrico_ortolan"
"2014-11-11",NA,"Tanargue"
"2014-11-11",NA,"bigfab1"
"2014-11-11",NA,"nastrorosa"
"2014-11-11",NA,"nastrorosa"
"2014-11-11",NA,"scatellani79"
"2014-11-11",NA,"nastrorosa"
"2014-11-11",NA,"FabioSbonch"
"2014-11-11",NA,"FabioSbonch"
"2014-11-11",NA,"FabioSbonch"
"2014-11-11",NA,"Sofia_1_vv"
"2014-11-11",NA,"granatafr"
"2014-11-11",NA,"granatafr"
"2014-11-11",NA,"quotidianopiem"
"2014-11-11",NA,"ilVergante"
"2014-11-11",NA,"quotidianopiem"
"2014-11-11",NA,"vittoriopasteris"
"2014-11-11",NA,"bc_emergenza"
"2014-11-11",NA,"Patasgnauz"
"2014-11-11",NA,"Cittadinireatti"
"2014-11-11",NA,"ilVergante"
"2014-11-11",NA,"quotidianopiem"
"2014-11-11",NA,"vittoriopasteris"
"2014-11-11",NA,"dragomarzullo"
"2014-11-11",NA,"quotidianopiem"
"2014-11-11",NA,"robertore62"
"2014-11-11",NA,"quotidianopiem"
"2014-11-11",NA,"avatar1dory"
"2014-11-11",NA,"quotidianopiem"
"2014-11-11",NA,"quotidianopiem"
"2014-11-11",NA,"quotidianopiem"
"2014-11-11",NA,"quotidianopiem"
"2014-11-11",NA,"quotidianopiem"
"2014-11-11",NA,"quotidianopiem"
"2014-11-11",NA,"quotidianopiem"
"2014-11-11",NA,"Emergenza24"
"2014-11-11",NA,"quotidianopiem"
"2014-11-11",NA,"GASirianni"
"2014-11-11",NA,"vittoriopasteris"
"2014-11-11",NA,"quotidianopiem"
"2014-11-11",NA,"quotidianopiem"
"2014-11-11",NA,"quotidianopiem"
"2014-11-11",NA,"quotidianopiem"
"2014-11-11",NA,"quotidianopiem"
"2014-11-11",NA,"quotidianopiem"
"2014-11-11",NA,"quotidianopiem"
"2014-11-11",NA,"quotidianopiem"
"2014-11-11",NA,"quotidianopiem"
"2014-11-11",NA,"quotidianopiem"
"2014-11-11",NA,"micky_genova"
"2014-11-11",NA,"quotidianopiem"
"2014-11-11",NA,"quotidianopiem"
"2014-11-11",NA,"Emergenza24"
"2014-11-11",NA,"gradam76"
"2014-11-11",NA,"Fra__Ce"
"2014-11-11",NA,"madmanbass"
"2014-11-11",NA,"bc_emergenza"
"2014-11-11",NA,"crocerossabusca"
"2014-11-11",NA,"crocerossabusca"
"2014-11-12",NA,"twtroberto"
"2014-11-12",NA,"PalascianoPaola"
"2014-11-12",NA,"DavideGavi"
"2014-11-12",NA,"DavideGavi"
"2014-11-12",NA,"ArpaPiemonte"
"2014-11-12",NA,"DavideGavi"
"2014-11-12",NA,"ArpaPiemonte"
"2014-11-12",NA,"tranellio"
"2014-11-12",NA,"ElioDefrani"
"2014-11-12",NA,"geoluc_mei"
"2014-11-12",NA,"Sweetkisskaty"
"2014-11-12",NA,"FabriBor"
"2014-11-12",NA,"quotidianopiem"
"2014-11-12",NA,"quotidianopiem"
"2014-11-12",NA,"discoradioIT"
"2014-11-12",NA,"RadioPerusia"
"2014-11-12",NA,"ArpaPiemonte"
"2014-11-12",NA,"ILSOB1LL4"
"2014-11-12",NA,"quotidianopiem"
"2014-11-12",NA,"Ossmeteobargone"
"2014-11-12",NA,"Ossmeteobargone"
"2014-11-12",NA,"nastrorosa"
"2014-11-12",NA,"bc_emergenza"
"2014-11-12",NA,"ArpaPiemonte"
"2014-11-12",NA,"ArpaPiemonte"
"2014-11-12",NA,"SOL_CRI_Giaveno"
"2014-11-12",NA,"DavideGavi"
"2014-11-12",NA,"QCanavese"
"2014-11-12",NA,"3BMeteo"
"2014-11-12",NA,"utoepia"
"2014-11-12",NA,"Davidone74"
"2014-11-12",NA,"quotidianopiem"
"2014-11-12",NA,"vittoriopasteris"
"2014-11-12",NA,"3BMeteo"
"2014-11-12",NA,"denvergo7"
"2014-11-12",NA,"Protcivnews"
"2014-11-12",NA,"ArpaPiemonte"
"2014-11-12",NA,"quotidianopiem"
"2014-11-12",NA,"quotidianopiem"
"2014-11-12",NA,"quotidianopiem"
"2014-11-12",NA,"quotidianopiem"
"2014-11-12",NA,"quotidianopiem"
"2014-11-12",NA,"RADIORMT"
"2014-11-12",NA,"asolepascual"
"2014-11-12",NA,"parolesogni"
"2014-11-12",NA,"nastrorosa"
"2014-11-12",NA,"scattopazzo"
"2014-11-12",NA,"DolomitesDeli"
"2014-11-12",NA,"papoxultra"
"2014-11-12",NA,"nastrorosa"
"2014-11-12",NA,"magomerlino1971"
"2014-11-12",NA,"CaponnettoA"
"2014-11-12",NA,"nicoletti1961"
"2014-11-12",NA,"foachristian"
"2014-11-12",NA,"nastrorosa"
"2014-11-12",NA,"voghera57"
"2014-11-12",NA,"LaRiStampa2014"
"2014-11-12",NA,"ArpaPiemonte"
"2014-11-12",NA,"quotidianopiem"
"2014-11-12",NA,"gavisince972"
"2014-11-12",NA,"nastrorosa"
"2014-11-12",NA,"PiemonteInforma"
"2014-11-12",NA,"PNGranParadiso"
"2014-11-12",NA,"garbif"
"2014-11-12",NA,"tezzin"
"2014-11-12",NA,"Sedicente"
"2014-11-12",NA,"RadioPerusia"
"2014-11-12",NA,"RadioPerusia"
"2014-11-12",NA,"RadioPerusia"
"2014-11-12",NA,"RadioPerusia"
"2014-11-12",NA,"RadioPerusia"
"2014-11-12",NA,"SOL_CRI_Giaveno"
"2014-11-12",NA,"GiuliaC89"
"2014-11-12",NA,"Emergenza24"
"2014-11-12",NA,"LucaSucci"
"2014-11-12",NA,"FabioSbonch"
"2014-11-12",NA,"daniballardini"
"2014-11-12",NA,"nastrorosa"
"2014-11-12",NA,"nastrorosa"
"2014-11-12",NA,"ilVergante"
"2014-11-12",NA,"massimomathis"
"2014-11-12",NA,"matteoguidelli"
"2014-11-12",NA,"BenedettaFusi"
"2014-11-12",NA,"Bluesbuntu"
"2014-11-12",NA,"nastrorosa"
"2014-11-12",NA,"nastrorosa"
"2014-11-12",NA,"Tixy_Cos"
"2014-11-12",NA,"diAlessandria"
"2014-11-12",NA,"diAlessandria"
"2014-11-12",NA,"ArpaPiemonte"
"2014-11-12",NA,"quotidianopiem"
"2014-11-12",NA,"ArpaPiemonte"
"2014-11-12",NA,"CapitanAchab"
"2014-11-12",NA,"Ossmeteobargone"
"2014-11-12",NA,"CapitanAchab"
"2014-11-12",NA,"crpiemonte"
"2014-11-12",NA,"ArpaPiemonte"
"2014-11-12",NA,"lesherbes"
"2014-11-12",NA,"Ossmeteobargone"
"2014-11-12",NA,"Ossmeteobargone"
"2014-11-12",NA,"Ossmeteobargone"
"2014-11-12",NA,"Ossmeteobargone"
"2014-11-12",NA,"robertore62"
"2014-11-12",NA,"crpiemonte"
"2014-11-12",NA,"Beppeley"
"2014-11-12",NA,"ERA_Arenzano"
"2014-11-12",NA,"diAlessandria"
"2014-11-12",NA,"classmeteo"
"2014-11-12",NA,"CapitanAchab"
"2014-11-12",NA,"elenacodeluppi"
"2014-11-12",NA,"Pedrito1954"
"2014-11-12",NA,"Stefano_Summa"
"2014-11-12",NA,"Stefano_Summa"
"2014-11-12",NA,"Stefano_Summa"
"2014-11-12",NA,"ilVergante"
"2014-11-12",NA,"peppez87"
"2014-11-12",NA,"silviafrivola"
"2014-11-12",NA,"ProntoPCBaveno"
"2014-11-12",NA,"nastrorosa"
"2014-11-12",NA,"FabioSbonch"
"2014-11-12",NA,"daniballardini"
"2014-11-12",NA,"nastrorosa"
"2014-11-12",NA,"nastrorosa"
"2014-11-12",NA,"riskiomap"
"2014-11-12",NA,"SOL_CRI_Giaveno"
"2014-11-12",NA,"sabipresti"
"2014-11-12",NA,"CapitanAchab"
"2014-11-12",NA,"nastrorosa"
"2014-11-12",NA,"giornaleprociv"
"2014-11-12",NA,"Protcivnews"
"2014-11-12",NA,"quotidianopiem"
"2014-11-12",NA,"ArpaPiemonte"
"2014-11-12",NA,"SoaveAnna"
"2014-11-12",NA,"e_cce"
"2014-11-12",NA,"ArpaPiemonte"
"2014-11-12",NA,"SOL_CRI_Giaveno"
"2014-11-12",NA,"giornaleprociv"
"2014-11-12",NA,"italia_sicura"
"2014-11-12",NA,"RadioPerusia"
"2014-11-12",NA,"RadioPerusia"
"2014-11-12",NA,"RadioPerusia"
"2014-11-12",NA,"RadioPerusia"
"2014-11-12",NA,"RadioPerusia"
"2014-11-12",NA,"RadioPerusia"
"2014-11-12",NA,"RadioPerusia"
"2014-11-12",NA,"ProCivTrezzanoR"
"2014-11-12",NA,"GabbroIT"
"2014-11-12",NA,"diAlessandria"
"2014-11-12",NA,"CapitanAchab"
"2014-11-12",NA,"Stefano_Summa"
"2014-11-12",NA,"Protcivnews"
"2014-11-12",NA,"TittiTummino"
"2014-11-12",NA,"vittoriopasteris"
"2014-11-12",NA,"vittoriopasteris"
"2014-11-12",NA,"FScanderebech"
"2014-11-12",NA,"ERA_Arenzano"
"2014-11-12",NA,"ERA_Arenzano"
"2014-11-12",NA,"nastrorosa"
"2014-11-12",NA,"nastrorosa"
"2014-11-12",NA,"nastrorosa"
"2014-11-12",NA,"classmeteo"
"2014-11-12",NA,"nastrorosa"
"2014-11-12",NA,"classmeteo"
"2014-11-12",NA,"giornaleprociv"
"2014-11-12",NA,"bc_emergenza"
"2014-11-12",NA,"Ossmeteobargone"
"2014-11-12",NA,"ERA_Arenzano"
"2014-11-12",NA,"vittoriopasteris"
"2014-11-12",NA,"quotidianopiem"
"2014-11-12",NA,"quotidianopiem"
"2014-11-12",NA,"SisifoFelice"
"2014-11-12",NA,"tati1na"
"2014-11-12",NA,"ArpaPiemonte"
"2014-11-12",NA,"crpiemonte"
"2014-11-12",NA,"ArpaPiemonte"
"2014-11-12",NA,"diAlessandria"
"2014-11-12",NA,"MVaccariello"
"2014-11-12",NA,"madmanbass"
"2014-11-12",NA,"ilVergante"
"2014-11-12",NA,"quotidianopiem"
"2014-11-12",NA,"quotidianopiem"
"2014-11-12",NA,"QCanavese"
"2014-11-12",NA,"FedeDeGiacomo"
"2014-11-12",NA,"nastrorosa"
"2014-11-12",NA,"SOL_CRI_Giaveno"
"2014-11-12",NA,"Turineis"
"2014-11-12",NA,"Stefano_Summa"
"2014-11-12",NA,"sergimagugliani"
"2014-11-12",NA,"Marinamas"
"2014-11-12",NA,"crocerossabusca"
"2014-11-13",NA,"sergimagugliani"
"2014-11-13",NA,"sabbruz"
"2014-11-13",NA,"ArpaPiemonte"
"2014-11-13",NA,"ArpaPiemonte"
"2014-11-13",NA,"ProntoPCBaveno"
"2014-11-13",NA,"putredine"
"2014-11-13",NA,"quotidianopiem"
"2014-11-13",NA,"RadioPerusia"
"2014-11-13",NA,"fircbvercelli"
"2014-11-13",NA,"fircbvercelli"
"2014-11-13",NA,"fircbvercelli"
"2014-11-13",NA,"nastrorosa"
"2014-11-13",NA,"nastrorosa"
"2014-11-13",NA,"Marinamas"
"2014-11-13",NA,"fircbvercelli"
"2014-11-13",NA,"RadioPerusia"
"2014-11-13",NA,"Emergenza24"
"2014-11-13",NA,"giornaleprociv"
"2014-11-13",NA,"Coccynella500"
"2014-11-13",NA,"OmarNews24"
"2014-11-13",NA,"Ossmeteobargone"
"2014-11-13",NA,"giornaleprociv"
"2014-11-13",NA,"ERA_Arenzano"
"2014-11-13",NA,"ERA_Arenzano"
"2014-11-13",NA,"ERA_Arenzano"
"2014-11-13",NA,"gavisince972"
"2014-11-13",NA,"fircbvercelli"
"2014-11-13",NA,"MarkJonne"
"2014-11-13",NA,"_TheWitch_"
"2014-11-13",NA,"Miti_Vigliero"
"2014-11-13",NA,"poisonanguem"
"2014-11-14",NA,"FlipRuth"
"2014-11-14",NA,"CapitanAchab"
"2014-11-14",NA,"Miti_Vigliero"
"2014-11-14",NA,"Criss76Cristina"
"2014-11-14",NA,"rob_castellano"
"2014-11-14",NA,"ilVergante"
"2014-11-14",NA,"peppeiasparra"
"2014-11-14",NA,"Protcivnews"
"2014-11-14",NA,"ArpaPiemonte"
"2014-11-14",NA,"OvadaonLine"
"2014-11-14",NA,"AlessandriaNews"
"2014-11-14",NA,"ArpaPiemonte"
"2014-11-14",NA,"giornaleprociv"
"2014-11-14",NA,"Miti_Vigliero"
"2014-11-14",NA,"diAlessandria"
"2014-11-14",NA,"sirgolly"
"2014-11-14",NA,"GraziaTardo"
"2014-11-14",NA,"Miti_Vigliero"
"2014-11-14",NA,"BioSoilExpert"
"2014-11-14",NA,"darklovers"
"2014-11-14",NA,"DanyDeg77"
"2014-11-14",NA,"ERA_Arenzano"
"2014-11-14",NA,"SOL_CRI_Giaveno"
"2014-11-14",NA,"SOL_CRI_Giaveno"
"2014-11-14",NA,"Rafagirl_TeamLH"
"2014-11-14",NA,"MarkJonne"
"2014-11-14",NA,"ConfagriAL"
"2014-11-14",NA,"emerge67"
"2014-11-14",NA,"vanniat66"
"2014-11-14",NA,"Miti_Vigliero"
"2014-11-14",NA,"Miti_Vigliero"
"2014-11-14",NA,"annabelladellac"
"2014-11-14",NA,"ilVergante"
"2014-11-14",NA,"nastrorosa"
"2014-11-14",NA,"annabelladellac"
"2014-11-14",NA,"ilVergante"
"2014-11-14",NA,"Ossmeteobargone"
"2014-11-14",NA,"PittaC6"
"2014-11-14",NA,"ilVergante"
"2014-11-14",NA,"fircbvercelli"
"2014-11-15",NA,"vittoriopasteris"
"2014-11-15",NA,"quotidianopiem"
"2014-11-15",NA,"quotidianopiem"
"2014-11-15",NA,"quotidianopiem"
"2014-11-15",NA,"quotidianopiem"
"2014-11-15",NA,"vittoriopasteris"
"2014-11-15",NA,"CaponnettoA"
"2014-11-15",NA,"MisteriLago"
"2014-11-15",NA,"FlipRuth"
"2014-11-15",NA,"totalnewsitalia"
"2014-11-15",NA,"MarinaDellaBell"
"2014-11-15",NA,"emerge67"
"2014-11-15",NA,"Turineis"
"2014-11-15",NA,"DavideGavi"
"2014-11-15",NA,"CaterinaDoglio"
"2014-11-15",NA,"micky_genova"
"2014-11-15",NA,"Turineis"
"2014-11-15",NA,"ClaudiaCavadore"
"2014-11-15",NA,"Zairbel"
"2014-11-15",NA,"ArpaPiemonte"
"2014-11-15",NA,"ilVergante"
"2014-11-15",NA,"emerge67"
"2014-11-15",NA,"_TheWitch_"
"2014-11-15",NA,"quotidianopiem"
"2014-11-15",NA,"vittoriopasteris"
"2014-11-15",NA,"quotidianopiem"
"2014-11-15",NA,"vittoriopasteris"
"2014-11-15",NA,"quotidianopiem"
"2014-11-15",NA,"ForzaCarrara"
"2014-11-15",NA,"so77nia"
"2014-11-15",NA,"crpiemonte"
"2014-11-15",NA,"grazia_to"
"2014-11-15",NA,"CostrIlFuturo"
"2014-11-15",NA,"quotidianopiem"
"2014-11-15",NA,"Miti_Vigliero"
"2014-11-15",NA,"_TheWitch_"
"2014-11-15",NA,"tizianacampodon"
"2014-11-15",NA,"MarilenaLualdi"
"2014-11-15",NA,"Bluesbuntu"
"2014-11-15",NA,"_TheWitch_"
"2014-11-15",NA,"ArpaPiemonte"
"2014-11-15",NA,"patrizia6119"
"2014-11-15",NA,"Giov1947"
"2014-11-15",NA,"Aringoogle"
"2014-11-15",NA,"ArpaPiemonte"
"2014-11-15",NA,"Aringoogle"
"2014-11-15",NA,"MarkJonne"
"2014-11-15",NA,"Ossmeteobargone"
"2014-11-15",NA,"RadioBeckwith"
"2014-11-15",NA,"RadioBeckwith"
"2014-11-15",NA,"diAlessandria"
"2014-11-15",NA,"diAlessandria"
"2014-11-15",NA,"Pedrito1954"
"2014-11-15",NA,"Tacchinovino"
"2014-11-15",NA,"ProteggereI"
"2014-11-15",NA,"ProteggereI"
"2014-11-15",NA,"ProteggereI"
"2014-11-15",NA,"coscienzavigile"
"2014-11-15",NA,"darklovers"
"2014-11-15",NA,"alybio"
"2014-11-15",NA,"diAlessandria"
"2014-11-15",NA,"DanyDeg77"
"2014-11-15",NA,"ArpaPiemonte"
"2014-11-15",NA,"Stefano_Summa"
"2014-11-15",NA,"Stefano_Summa"
"2014-11-15",NA,"meteoonlineit"
"2014-11-15",NA,"Ossmeteobargone"
"2014-11-15",NA,"diAlessandria"
"2014-11-15",NA,"Territori_Italy"
"2014-11-15",NA,"Plinuz"
"2014-11-15",NA,"diAlessandria"
"2014-11-15",NA,"Stefano_Summa"
"2014-11-15",NA,"topedobis"
"2014-11-15",NA,"cerberoTO"
"2014-11-15",NA,"diAlessandria"
"2014-11-15",NA,"SOL_CRI_Giaveno"
"2014-11-15",NA,"Marinamas"
"2014-11-15",NA,"Marinamas"
"2014-11-15",NA,"Miti_Vigliero"
"2014-11-15",NA,"Marinamas"
"2014-11-15",NA,"Stefano_Summa"
"2014-11-15",NA,"SML2020"
"2014-11-15",NA,"ArpaPiemonte"
"2014-11-15",NA,"dileguossi"
"2014-11-15",NA,"ArpaPiemonte"
"2014-11-15",NA,"alemassimo00"
"2014-11-15",NA,"Emergenza24"
"2014-11-15",NA,"MarkJonne"
"2014-11-15",NA,"_TheWitch_"
"2014-11-15",NA,"massimo_san"
"2014-11-15",NA,"diAlessandria"
"2014-11-15",NA,"quotidianopiem"
"2014-11-15",NA,"diAlessandria"
"2014-11-15",NA,"torinovalley"
"2014-11-15",NA,"Stefano_Summa"
"2014-11-15",NA,"Stefano_Summa"
"2014-11-15",NA,"topedobis"
"2014-11-15",NA,"simoscagliotti"
"2014-11-15",NA,"cetelina"
"2014-11-15",NA,"cetelina"
"2014-11-15",NA,"pvlucapv"
"2014-11-15",NA,"quotidianopiem"
"2014-11-15",NA,"quotidianopiem"
"2014-11-15",NA,"quotidianopiem"
"2014-11-15",NA,"federicaghiga"
"2014-11-15",NA,"_TheWitch_"
"2014-11-15",NA,"SoaveAnna"
"2014-11-15",NA,"diAlessandria"
"2014-11-15",NA,"diAlessandria"
"2014-11-15",NA,"Stefano_Summa"
"2014-11-15",NA,"Stefano_Summa"
"2014-11-15",NA,"darklovers"
"2014-11-15",NA,"federicaghiga"
"2014-11-15",NA,"federicaghiga"
"2014-11-15",NA,"yes_political"
"2014-11-15",NA,"luca883"
"2014-11-15",NA,"nadiameriggio"
"2014-11-15",NA,"AntonioSpadafo4"
"2014-11-15",NA,"nadiameriggio"
"2014-11-15",NA,"gianlucamorino"
"2014-11-15",NA,"angelatanania"
"2014-11-15",NA,"diAlessandria"
"2014-11-15",NA,"diAlessandria"
"2014-11-15",NA,"enotecaliguria"
"2014-11-15",NA,"tigella"
"2014-11-15",NA,"gianlucamorino"
"2014-11-15",NA,"paola_faravelli"
"2014-11-15",NA,"Stefano_Summa"
"2014-11-15",NA,"Stefano_Summa"
"2014-11-15",NA,"MissPerspy"
"2014-11-15",NA,"andrewpasq"
"2014-11-15",NA,"_SoundOfThunder"
"2014-11-15",NA,"gianlucamorino"
"2014-11-15",NA,"SVOGLIANO"
"2014-11-15",NA,"arcadiacss"
"2014-11-15",NA,"gianlucamorino"
"2014-11-15",NA,"DanieleKeshk"
"2014-11-15",NA,"Vespro3"
"2014-11-15",NA,"CesarePiva"
"2014-11-15",NA,"SilviaNicolucci"
"2014-11-15",NA,"isopaci"
"2014-11-15",NA,"S_Lor75"
"2014-11-15",NA,"alberto_pilotto"
"2014-11-15",NA,"diAlessandria"
"2014-11-15",NA,"ArpaPiemonte"
"2014-11-15",NA,"Edoteque"
"2014-11-15",NA,"MariKittyPirate"
"2014-11-15",NA,"yes_political"
"2014-11-15",NA,"NirvanaArnoulet"
"2014-11-15",NA,"Emergenza24"
"2014-11-15",NA,"sferalab"
"2014-11-15",NA,"PaolaMilani1"
"2014-11-15",NA,"Fra__Ce"
"2014-11-15",NA,"diAlessandria"
"2014-11-15",NA,"Guarene2020"
"2014-11-15",NA,"CollineDigitali"
"2014-11-15",NA,"SOL_CRI_Giaveno"
"2014-11-15",NA,"Granda_p_Comuni"
"2014-11-15",NA,"Tixy_Cos"
"2014-11-15",NA,"PistoneMoris"
"2014-11-15",NA,"doranapolitano"
"2014-11-15",NA,"1lupogrigio"
"2014-11-15",NA,"FabioMelloGrand"
"2014-11-15",NA,"bigfab1"
"2014-11-15",NA,"bigfab1"
"2014-11-15",NA,"bigfab1"
"2014-11-15",NA,"Aringoogle"
"2014-11-15",NA,"mainvece"
"2014-11-15",NA,"mainvece"
"2014-11-15",NA,"lacolombera"
"2014-11-15",NA,"robertore62"
"2014-11-15",NA,"ERA_Arenzano"
"2014-11-15",NA,"quotidianopiem"
"2014-11-15",NA,"wytek"
"2014-11-15",NA,"lucazabapozzi"
"2014-11-15",NA,"solops"
"2014-11-15",NA,"Tacchinovino"
"2014-11-15",NA,"Tacchinovino"
"2014-11-15",NA,"DanyDeg77"
"2014-11-15",NA,"brecomtech"
"2014-11-15",NA,"ClaudiaCavadore"
"2014-11-15",NA,"DadoTes"
"2014-11-15",NA,"federicaghiga"
"2014-11-15",NA,"_TheWitch_"
"2014-11-15",NA,"diAlessandria"
"2014-11-15",NA,"diAlessandria"
"2014-11-15",NA,"AgorLerici"
"2014-11-15",NA,"simoscagliotti"
"2014-11-15",NA,"GiuliaC89"
"2014-11-15",NA,"Stefano_Summa"
"2014-11-15",NA,"Stefano_Summa"
"2014-11-15",NA,"ClaudiaCavadore"
"2014-11-15",NA,"MeteoTweet24"
"2014-11-15",NA,"Stefano_Corda"
"2014-11-15",NA,"_TheWitch_"
"2014-11-15",NA,"ClaudiaCavadore"
"2014-11-15",NA,"FlipRuth"
"2014-11-15",NA,"FlipRuth"
"2014-11-15",NA,"federicaghiga"
"2014-11-15",NA,"Plinuz"
"2014-11-15",NA,"raffamuffin"
"2014-11-15",NA,"ArpaPiemonte"
"2014-11-15",NA,"diAlessandria"
"2014-11-15",NA,"CostrIlFuturo"
"2014-11-15",NA,"Stefano_Berti"
"2014-11-15",NA,"diAlessandria"
"2014-11-15",NA,"diAlessandria"
"2014-11-15",NA,"quotidianopiem"
"2014-11-15",NA,"strutturafine"
"2014-11-15",NA,"Stefano_Summa"
"2014-11-15",NA,"Stefano_Summa"
"2014-11-15",NA,"darklovers"
"2014-11-15",NA,"solops"
"2014-11-15",NA,"Plinuz"
"2014-11-15",NA,"GianlucaMiglio"
"2014-11-15",NA,"Lindina80"
"2014-11-15",NA,"3BMeteo"
"2014-11-15",NA,"lubuwetter"
"2014-11-15",NA,"TizianaBtz"
"2014-11-15",NA,"Giancagt6"
"2014-11-15",NA,"bimba_pigra"
"2014-11-15",NA,"poldo_stop"
"2014-11-15",NA,"ballani_alessia"
"2014-11-15",NA,"diAlessandria"
"2014-11-15",NA,"insopportabile"
"2014-11-15",NA,"AntonioFantastk"
"2014-11-15",NA,"crisottobre"
"2014-11-15",NA,"nuovafinanza"
"2014-11-15",NA,"gattongattoni"
"2014-11-15",NA,"quotidianopiem"
"2014-11-15",NA,"fullo75"
"2014-11-15",NA,"solops"
"2014-11-15",NA,"massimo_san"
"2014-11-15",NA,"angelatanania"
"2014-11-15",NA,"diAlessandria"
"2014-11-15",NA,"federicaghiga"
"2014-11-15",NA,"diAlessandria"
"2014-11-15",NA,"freccia_92"
"2014-11-15",NA,"stefierena"
"2014-11-15",NA,"Stefano_Summa"
"2014-11-15",NA,"Stefano_Summa"
"2014-11-15",NA,"semprecontro"
"2014-11-15",NA,"NGaribbo"
"2014-11-15",NA,"iseeadarkness_"
"2014-11-15",NA,"SofiaCoppola5"
"2014-11-15",NA,"66_mush"
"2014-11-15",NA,"Emergenza24"
"2014-11-15",NA,"elena_genta"
"2014-11-15",NA,"PaoloRieux"
"2014-11-15",NA,"LauraDelT"
"2014-11-15",NA,"paoladelusa"
"2014-11-15",NA,"LauraDelT"
"2014-11-15",NA,"IrishEagle"
"2014-11-15",NA,"solagimma"
"2014-11-15",NA,"Pasminutomant"
"2014-11-15",NA,"robertore62"
"2014-11-15",NA,"1lupogrigio"
"2014-11-15",NA,"PedroCFernandez"
"2014-11-15",NA,"LucianaCiolfi"
"2014-11-15",NA,"Photonat_it"
"2014-11-15",NA,"Krazy9Kat"
"2014-11-15",NA,"frwwin"
"2014-11-15",NA,"ElisaPistolesi"
"2014-11-15",NA,"lidia_roberto"
"2014-11-15",NA,"EEzio49"
"2014-11-15",NA,"Planck1777"
"2014-11-15",NA,"ArpaPiemonte"
"2014-11-15",NA,"Edoteque"
"2014-11-15",NA,"SerenaCerutti"
"2014-11-15",NA,"ILSOB1LL4"
"2014-11-15",NA,"diAlessandria"
"2014-11-15",NA,"Rosanna_Bau"
"2014-11-15",NA,"DavideGavi"
"2014-11-15",NA,"ElioDefrani"
"2014-11-15",NA,"ERA_Arenzano"
"2014-11-15",NA,"CRIaeprovtorino"
"2014-11-15",NA,"diAlessandria"
"2014-11-15",NA,"diAlessandria"
"2014-11-15",NA,"ArpaPiemonte"
"2014-11-15",NA,"ValeriaTomei75"
"2014-11-15",NA,"Stefano_Summa"
"2014-11-15",NA,"Stefano_Summa"
"2014-11-15",NA,"wwwmeteoit"
"2014-11-15",NA,"patrizia6119"
"2014-11-15",NA,"diAlessandria"
"2014-11-15",NA,"criskikka75"
"2014-11-15",NA,"Riuuk88"
"2014-11-15",NA,"Stopflood2013"
"2014-11-15",NA,"RadioBeckwith"
"2014-11-15",NA,"ArpaPiemonte"
"2014-11-15",NA,"RadioBeckwith"
"2014-11-15",NA,"yes_political"
"2014-11-15",NA,"ilVergante"
"2014-11-15",NA,"sfmtorino"
"2014-11-15",NA,"SoniaFrizziero"
"2014-11-15",NA,"diAlessandria"
"2014-11-15",NA,"diAlessandria"
"2014-11-15",NA,"lucaguglieri"
"2014-11-15",NA,"Stefano_Summa"
"2014-11-15",NA,"Stefano_Summa"
"2014-11-15",NA,"silvia__cafagna"
"2014-11-15",NA,"bobmcgreghy"
"2014-11-15",NA,"cotrozzi_lisa"
"2014-11-15",NA,"CiriacoPia"
"2014-11-15",NA,"lesherbes"
"2014-11-15",NA,"granatafr"
"2014-11-15",NA,"mariagraziaber7"
"2014-11-15",NA,"m_castellano76"
"2014-11-15",NA,"SpiderJer"
"2014-11-15",NA,"rafcalandra"
"2014-11-15",NA,"leviatano73"
"2014-11-15",NA,"Kottomano"
"2014-11-15",NA,"sydlsd"
"2014-11-15",NA,"RadioPerusia"
"2014-11-15",NA,"Alessandrobarix"
"2014-11-15",NA,"Ossmeteobargone"
"2014-11-15",NA,"GianniVezzani1"
"2014-11-15",NA,"p_khristian"
"2014-11-15",NA,"tanjustice8"
"2014-11-15",NA,"CasaOrtenzi"
"2014-11-15",NA,"cotrozzi_lisa"
"2014-11-15",NA,"ArpaPiemonte"
"2014-11-15",NA,"Bruschi_Segest"
"2014-11-15",NA,"wwwmeteoit"
"2014-11-15",NA,"GandalfilGrigi1"
"2014-11-15",NA,"diAlessandria"
"2014-11-15",NA,"putredine"
"2014-11-15",NA,"diAlessandria"
"2014-11-15",NA,"Giancagt6"
"2014-11-15",NA,"ProteggereI"
"2014-11-15",NA,"visitorcity"
"2014-11-15",NA,"aperru1"
"2014-11-15",NA,"semprecontro"
"2014-11-15",NA,"mariagraziaber7"
"2014-11-15",NA,"anna_dtt"
"2014-11-15",NA,"ProteggereI"
"2014-11-15",NA,"Stefano_Summa"
"2014-11-15",NA,"Stefano_Summa"
"2014-11-15",NA,"Ossmeteobargone"
"2014-11-15",NA,"campochiarenti"
"2014-11-15",NA,"Darosyndy"
"2014-11-15",NA,"Warehouseman59"
"2014-11-15",NA,"Warehouseman59"
"2014-11-15",NA,"lilasart"
"2014-11-15",NA,"maurizio_pagni"
"2014-11-15",NA,"rptmtt"
"2014-11-15",NA,"nadiameriggio"
"2014-11-15",NA,"frap1975"
"2014-11-15",NA,"semprecontro"
"2014-11-15",NA,"3BMeteo"
"2014-11-15",NA,"etchisei"
"2014-11-15",NA,"Sem_Me"
"2014-11-15",NA,"dmazzi96"
"2014-11-15",NA,"GianniVezzani1"
"2014-11-15",NA,"federicaghiga"
"2014-11-15",NA,"tanjustice8"
"2014-11-15",NA,"Abicetta"
"2014-11-15",NA,"eligiallorossa"
"2014-11-15",NA,"Lequazione"
"2014-11-15",NA,"Ilnuovobrigante"
"2014-11-15",NA,"EmanuelaManola"
"2014-11-15",NA,"alba90yt"
"2014-11-15",NA,"patriziaandreoz"
"2014-11-15",NA,"Alberella"
"2014-11-15",NA,"Elena140289"
"2014-11-15",NA,"jacque1872"
"2014-11-15",NA,"annaferri2"
"2014-11-15",NA,"Mellusilver"
"2014-11-15",NA,"Beppeley"
"2014-11-15",NA,"Miti_Vigliero"
"2014-11-15",NA,"DIamartino"
"2014-11-15",NA,"Kottomano"
"2014-11-15",NA,"paola_faravelli"
"2014-11-15",NA,"federicaghiga"
"2014-11-15",NA,"Criss76Cristina"
"2014-11-15",NA,"ArpaPiemonte"
"2014-11-15",NA,"Ossmeteobargone"
"2014-11-15",NA,"ZeloAssoluto"
"2014-11-15",NA,"yes_political"
"2014-11-15",NA,"_MarcoSalaris"
"2014-11-15",NA,"Ossmeteobargone"
"2014-11-15",NA,"Ossmeteobargone"
"2014-11-15",NA,"fiordisale"
"2014-11-15",NA,"RadioPerusia"
"2014-11-15",NA,"speziapolis"
"2014-11-15",NA,"wwwmeteoit"
"2014-11-15",NA,"polmaxim"
"2014-11-15",NA,"PinoPascale"
"2014-11-15",NA,"albezzano"
"2014-11-15",NA,"PivaPaola"
"2014-11-15",NA,"saraverta"
"2014-11-15",NA,"PivaPaola"
"2014-11-15",NA,"diAlessandria"
"2014-11-15",NA,"antonellaval6"
"2014-11-15",NA,"giovanni_dutto"
"2014-11-15",NA,"3BMeteo"
"2014-11-15",NA,"semprecontro"
"2014-11-15",NA,"Miti_Vigliero"
"2014-11-15",NA,"FerrLamiaterra"
"2014-11-15",NA,"Ossmeteobargone"
"2014-11-15",NA,"tullostilio"
"2014-11-15",NA,"SandroLeccese"
"2014-11-15",NA,"Tacchinovino"
"2014-11-15",NA,"LetiziaAmoroso1"
"2014-11-15",NA,"ArpaPiemonte"
"2014-11-15",NA,"parolesogni"
"2014-11-15",NA,"MonicaMonicaxx"
"2014-11-15",NA,"diAlessandria"
"2014-11-15",NA,"diAlessandria"
"2014-11-15",NA,"Stefano_Summa"
"2014-11-15",NA,"Stefano_Summa"
"2014-11-15",NA,"paoladelusa"
"2014-11-15",NA,"Warehouseman59"
"2014-11-15",NA,"cannaWH"
"2014-11-15",NA,"Airone_Azzurro"
"2014-11-15",NA,"IleniaMancin"
"2014-11-15",NA,"Martinol87"
"2014-11-15",NA,"ArpaPiemonte"
"2014-11-15",NA,"quotidianopiem"
"2014-11-15",NA,"quotidianopiem"
"2014-11-15",NA,"quotidianopiem"
"2014-11-15",NA,"quotidianopiem"
"2014-11-15",NA,"quotidianopiem"
"2014-11-15",NA,"quotidianopiem"
"2014-11-15",NA,"Cittadinireatti"
"2014-11-15",NA,"ArpaPiemonte"
"2014-11-15",NA,"quotidianopiem"
"2014-11-15",NA,"danytorino"
"2014-11-15",NA,"Rosy_Indy"
"2014-11-15",NA,"danytorino"
"2014-11-15",NA,"Stefanosav1972"
"2014-11-15",NA,"quotidianopiem"
"2014-11-15",NA,"quotidianopiem"
"2014-11-15",NA,"quotidianopiem"
"2014-11-15",NA,"quotidianopiem"
"2014-11-15",NA,"quotidianopiem"
"2014-11-15",NA,"ilVergante"
"2014-11-15",NA,"netlifesrl"
"2014-11-15",NA,"danytorino"
"2014-11-15",NA,"giovanni_papale"
"2014-11-15",NA,"Felixia75"
"2014-11-15",NA,"Massimi82517927"
"2014-11-15",NA,"simonettasc"
"2014-11-15",NA,"Marinamas"
"2014-11-15",NA,"domedele"
"2014-11-15",NA,"diAlessandria"
"2014-11-15",NA,"diAlessandria"
"2014-11-15",NA,"AnpasPiemonte"
"2014-11-15",NA,"AnpasPiemonte"
"2014-11-15",NA,"blogalessandria"
"2014-11-15",NA,"ScattiDLuce"
"2014-11-15",NA,"ragazzini64"
"2014-11-15",NA,"FlipRuth"
"2014-11-15",NA,"rosangelaregin1"
"2014-11-15",NA,"claudiutza_"
"2014-11-15",NA,"vittoriopasteris"
"2014-11-15",NA,"PasqualeTotaro"
"2014-11-15",NA,"FlipRuth"
"2014-11-15",NA,"frafra61_rossi"
"2014-11-15",NA,"laRossa05"
"2014-11-15",NA,"LinaGalLina"
"2014-11-15",NA,"SOL_CRI_Giaveno"
"2014-11-15",NA,"viorelvigna"
"2014-11-15",NA,"nicbasile"
"2014-11-15",NA,"crpiemonte"
"2014-11-15",NA,"crpiemonte"
"2014-11-15",NA,"crpiemonte"
"2014-11-15",NA,"SimonaBellarmin"
"2014-11-15",NA,"columdonnelly"
"2014-11-15",NA,"mayehmproject"
"2014-11-15",NA,"Turineis"
"2014-11-15",NA,"Turineis"
"2014-11-15",NA,"Turineis"
"2014-11-15",NA,"Turineis"
"2014-11-15",NA,"vuotodimemoria"
"2014-11-15",NA,"Piccamore"
"2014-11-15",NA,"giospanti"
"2014-11-15",NA,"ArpaPiemonte"
"2014-11-15",NA,"diAlessandria"
"2014-11-15",NA,"Stefano_Summa"
"2014-11-15",NA,"Stefano_Summa"
"2014-11-15",NA,"diAlessandria"
"2014-11-15",NA,"Stefano_Summa"
"2014-11-15",NA,"Stefano_Summa"
"2014-11-15",NA,"ProteggereI"
"2014-11-15",NA,"patty65g"
"2014-11-15",NA,"ProteggereI"
"2014-11-15",NA,"CarryCandy"
"2014-11-15",NA,"Italia_Social"
"2014-11-15",NA,"CuneoTweet"
"2014-11-15",NA,"wwwmeteoit"
"2014-11-15",NA,"wwwmeteoit"
"2014-11-15",NA,"lorytravagliat1"
"2014-11-15",NA,"ArpaPiemonte"
"2014-11-15",NA,"putredine"
"2014-11-15",NA,"gianlucamorino"
"2014-11-15",NA,"fircbvercelli"
"2014-11-15",NA,"mainvece"
"2014-11-15",NA,"ProntoPCBaveno"
"2014-11-15",NA,"semprecontro"
"2014-11-15",NA,"semprecontro"
"2014-11-15",NA,"antonellaval6"
"2014-11-15",NA,"semprecontro"
"2014-11-15",NA,"Ossmeteobargone"
"2014-11-15",NA,"diAlessandria"
"2014-11-15",NA,"SVOGLIANO"
"2014-11-15",NA,"diAlessandria"
"2014-11-15",NA,"gtambo63"
"2014-11-15",NA,"Beppeley"
"2014-11-15",NA,"ClaudiaCavadore"
"2014-11-15",NA,"semprecontro"
"2014-11-15",NA,"blogalessandria"
"2014-11-15",NA,"pier_mar"
"2014-11-15",NA,"quotidianopiem"
"2014-11-15",NA,"vittoriopasteris"
"2014-11-15",NA,"patrizia6119"
"2014-11-15",NA,"Stefano_Summa"
"2014-11-15",NA,"Stefano_Summa"
"2014-11-15",NA,"robertore62"
"2014-11-15",NA,"MatteoPagetti"
"2014-11-15",NA,"MatteoPagetti"
"2014-11-15",NA,"MatteoPagetti"
"2014-11-15",NA,"Kottomano"
"2014-11-15",NA,"annabelladellac"
"2014-11-15",NA,"calb71"
"2014-11-15",NA,"federicaghiga"
"2014-11-15",NA,"vittoriopasteris"
"2014-11-15",NA,"vittoriopasteris"
"2014-11-15",NA,"quotidianopiem"
"2014-11-15",NA,"ArpaPiemonte"
"2014-11-15",NA,"SoaveAnna"
"2014-11-15",NA,"semprecontro"
"2014-11-15",NA,"radiopnr"
"2014-11-15",NA,"madbob"
"2014-11-15",NA,"Pozzolodintorni"
"2014-11-15",NA,"salvooo75"
"2014-11-15",NA,"RobertoZunino1"
"2014-11-15",NA,"enzosauro"
"2014-11-15",NA,"lillymonticone"
"2014-11-15",NA,"alberto_pilotto"
"2014-11-15",NA,"antonellaval6"
"2014-11-15",NA,"quotidianopiem"
"2014-11-15",NA,"MammeMatte"
"2014-11-15",NA,"vittoriopasteris"
"2014-11-15",NA,"helena9k"
"2014-11-15",NA,"Sergio1Ye"
"2014-11-15",NA,"quotidianopiem"
"2014-11-15",NA,"Marinamas"
"2014-11-15",NA,"SoaveAnna"
"2014-11-15",NA,"diAlessandria"
"2014-11-15",NA,"patrizia6119"
"2014-11-15",NA,"diAlessandria"
"2014-11-15",NA,"freccia_92"
"2014-11-15",NA,"Marinamas"
"2014-11-15",NA,"diAlessandria"
"2014-11-15",NA,"wwwmeteoit"
"2014-11-15",NA,"Stefano_Summa"
"2014-11-15",NA,"Stefano_Summa"
"2014-11-15",NA,"DavcbrDavide"
"2014-11-15",NA,"patrizia6119"
"2014-11-15",NA,"Marinamas"
"2014-11-15",NA,"tanjustice8"
"2014-11-15",NA,"MarilenaLualdi"
"2014-11-15",NA,"discoradioIT"
"2014-11-15",NA,"fabriziogaias"
"2014-11-15",NA,"PatriceinMilano"
"2014-11-15",NA,"donatobuc"
"2014-11-15",NA,"alaskaHQ"
"2014-11-15",NA,"dadadanix"
"2014-11-15",NA,"discoradioIT"
"2014-11-15",NA,"shanidar4"
"2014-11-15",NA,"CostanzaRdO"
"2014-11-15",NA,"quotidianopiem"
"2014-11-15",NA,"manuelamandruzz"
"2014-11-15",NA,"massimodonelli"
"2014-11-15",NA,"usurana"
"2014-11-15",NA,"ArtemisiaBa"
"2014-11-15",NA,"alyce_stregatta"
"2014-11-15",NA,"Aleqmela"
"2014-11-15",NA,"davideracconta"
"2014-11-15",NA,"raffaghellogian"
"2014-11-15",NA,"ArpaPiemonte"
"2014-11-15",NA,"fircbvercelli"
"2014-11-15",NA,"fimianif"
"2014-11-15",NA,"GiuliaC89"
"2014-11-15",NA,"fircbvercelli"
"2014-11-15",NA,"ilRetweettatore"
"2014-11-15",NA,"fabioferrero71"
"2014-11-15",NA,"Virus1979C"
"2014-11-15",NA,"LaraArali"
"2014-11-15",NA,"Robbetta"
"2014-11-15",NA,"quotidianopiem"
"2014-11-15",NA,"discoradioIT"
"2014-11-15",NA,"quotidianopiem"
"2014-11-15",NA,"vittoriopasteris"
"2014-11-15",NA,"vittoriopasteris"
"2014-11-15",NA,"quotidianopiem"
"2014-11-15",NA,"discoradioIT"
"2014-11-15",NA,"ilVergante"
"2014-11-15",NA,"TizianaCasini"
"2014-11-15",NA,"freccia_92"
"2014-11-15",NA,"quotidianopiem"
"2014-11-15",NA,"cirio_francesca"
"2014-11-15",NA,"ProntoPCBaveno"
"2014-11-15",NA,"PivaPaola"
"2014-11-15",NA,"neogrigio"
"2014-11-15",NA,"michelachiappon"
"2014-11-15",NA,"blogalessandria"
"2014-11-15",NA,"seccogladys"
"2014-11-15",NA,"seccogladys"
"2014-11-15",NA,"seccogladys"
"2014-11-15",NA,"e_cce"
"2014-11-15",NA,"e_cce"
"2014-11-15",NA,"GASirianni"
"2014-11-15",NA,"aranciaverde"
"2014-11-15",NA,"ilVergante"
"2014-11-15",NA,"lesherbes"
"2014-11-15",NA,"ArpaPiemonte"
"2014-11-15",NA,"slavina6"
"2014-11-15",NA,"Ossmeteobargone"
"2014-11-15",NA,"Ossmeteobargone"
"2014-11-15",NA,"Ossmeteobargone"
"2014-11-15",NA,"Ossmeteobargone"
"2014-11-15",NA,"max_aq"
"2014-11-15",NA,"Cisiamocisom"
"2014-11-15",NA,"AllertameteoPIE"
"2014-11-15",NA,"AllertameteoPIE"
"2014-11-15",NA,"oli1959"
"2014-11-15",NA,"diAlessandria"
"2014-11-15",NA,"diAlessandria"
"2014-11-15",NA,"Stefano_Summa"
"2014-11-15",NA,"Stefano_Summa"
"2014-11-15",NA,"cogobeach666"
"2014-11-15",NA,"aa_273"
"2014-11-15",NA,"albezzano"
"2014-11-15",NA,"albezzano"
"2014-11-15",NA,"diAlessandria"
"2014-11-15",NA,"diAlessandria"
"2014-11-15",NA,"Stefano_Summa"
"2014-11-15",NA,"Stefano_Summa"
"2014-11-15",NA,"7sofficisoffi"
"2014-11-15",NA,"GallinaJack"
"2014-11-15",NA,"discoradioIT"
"2014-11-15",NA,"discoradioIT"
"2014-11-15",NA,"Miti_Vigliero"
"2014-11-15",NA,"mauri_devi"
"2014-11-15",NA,"criskikka75"
"2014-11-15",NA,"CarlaTrudu"
"2014-11-16",NA,"michdavico"
"2014-11-16",NA,"quotidianopiem"
"2014-11-16",NA,"quotidianopiem"
"2014-11-16",NA,"quotidianopiem"
"2014-11-16",NA,"DeniLuisa"
"2014-11-16",NA,"diAlessandria"
"2014-11-16",NA,"ArpaPiemonte"
"2014-11-16",NA,"ArpaPiemonte"
"2014-11-16",NA,"Beatrix_aka_BM"
"2014-11-16",NA,"ArpaPiemonte"
"2014-11-16",NA,"Gregnrg"
"2014-11-16",NA,"crpiemonte"
"2014-11-16",NA,"iacovit"
"2014-11-16",NA,"quotidianopiem"
"2014-11-16",NA,"quotidianopiem"
"2014-11-16",NA,"quotidianopiem"
"2014-11-16",NA,"frapgborello"
"2014-11-16",NA,"diAlessandria"
"2014-11-16",NA,"Stefano_Summa"
"2014-11-16",NA,"Stefano_Summa"
"2014-11-16",NA,"quotidianopiem"
"2014-11-16",NA,"quotidianopiem"
"2014-11-16",NA,"vittoriopasteris"
"2014-11-16",NA,"quotidianopiem"
"2014-11-16",NA,"quotidianopiem"
"2014-11-16",NA,"Sweetkisskaty"
"2014-11-16",NA,"e_cce"
"2014-11-16",NA,"ultimenotizie"
"2014-11-16",NA,"federicaghiga"
"2014-11-16",NA,"quotidianopiem"
"2014-11-16",NA,"AlCampodiSotto"
"2014-11-16",NA,"nadiameriggio"
"2014-11-16",NA,"SOL_CRI_Giaveno"
"2014-11-16",NA,"ProteggereI"
"2014-11-16",NA,"diAlessandria"
"2014-11-16",NA,"mx5red1"
"2014-11-16",NA,"mx5red1"
"2014-11-16",NA,"quotidianopiem"
"2014-11-16",NA,"vittoriopasteris"
"2014-11-16",NA,"twi_sabino"
"2014-11-16",NA,"ArpaPiemonte"
"2014-11-16",NA,"quotidianopiem"
"2014-11-16",NA,"QCanavese"
"2014-11-16",NA,"Aringoogle"
"2014-11-16",NA,"PittaC6"
"2014-11-16",NA,"quotidianopiem"
"2014-11-16",NA,"SimonaBellarmin"
"2014-11-16",NA,"diAlessandria"
"2014-11-16",NA,"diAlessandria"
"2014-11-16",NA,"Stefano_Summa"
"2014-11-16",NA,"Stefano_Summa"
"2014-11-16",NA,"diAlessandria"
"2014-11-16",NA,"Stefano_Summa"
"2014-11-16",NA,"SOL_CRI_Giaveno"
"2014-11-16",NA,"SML2020"
"2014-11-16",NA,"quotidianopiem"
"2014-11-16",NA,"quotidianopiem"
"2014-11-16",NA,"sfmtorino"
"2014-11-16",NA,"sfmtorino"
"2014-11-16",NA,"Fr3nkFra"
"2014-11-16",NA,"ilVergante"
"2014-11-16",NA,"IridElisss"
"2014-11-16",NA,"topedobis"
"2014-11-17",NA,"Ommy_89"
"2014-11-17",NA,"semprecontro"
"2014-11-17",NA,"antonellaval6"
"2014-11-17",NA,"alybio"
"2014-11-17",NA,"ArpaPiemonte"
"2014-11-17",NA,"twitorino"
"2014-11-17",NA,"Rosangela3571"
"2014-11-17",NA,"albemaff"
"2014-11-17",NA,"MysteryMiki"
"2014-11-17",NA,"ArpaPiemonte"
"2014-11-17",NA,"pickwick80"
"2014-11-17",NA,"Novara_e_Varese"
"2014-11-17",NA,"lukilotom"
"2014-11-17",NA,"fircbvercelli"
"2014-11-17",NA,"albemaff"
"2014-11-17",NA,"patrizia6119"
"2014-11-17",NA,"ProteggereI"
"2014-11-17",NA,"fircbvercelli"
"2014-11-17",NA,"ProteggereI"
"2014-11-17",NA,"wwwmeteoit"
"2014-11-17",NA,"PivaPaola"
"2014-11-17",NA,"GiuseppeACM81"
"2014-11-17",NA,"robertore62"
"2014-11-17",NA,"Ossmeteobargone"
"2014-11-17",NA,"lucamarchesi9"
"2014-11-17",NA,"lucamarchesi9"
"2014-11-17",NA,"ArpaPiemonte"
"2014-11-17",NA,"PCProvAL"
"2014-11-17",NA,"Psymate"
"2014-11-17",NA,"Psymate"
"2014-11-17",NA,"Miti_Vigliero"
"2014-11-17",NA,"LorLiga"
"2014-11-17",NA,"ProvinciaVC"
"2014-11-17",NA,"diAlessandria"
"2014-11-17",NA,"OvadaonLine"
"2014-11-17",NA,"ArpaPiemonte"
"2014-11-17",NA,"Psymate"
"2014-11-17",NA,"ArpaPiemonte"
"2014-11-17",NA,"wwwmeteoit"
"2014-11-17",NA,"ArpaPiemonte"
"2014-11-17",NA,"VittorioFerrero"
"2014-11-17",NA,"ArpaPiemonte"
"2014-11-17",NA,"robertore62"
"2014-11-17",NA,"ArpaPiemonte"
"2014-11-17",NA,"ArpaPiemonte"
"2014-11-17",NA,"Psymate"
"2014-11-17",NA,"dp_posta"
"2014-11-17",NA,"giovanna_piera"
"2014-11-17",NA,"putredine"
"2014-11-17",NA,"nastrorosa"
"2014-11-17",NA,"ceranto"
"2014-11-17",NA,"discoradioIT"
"2014-11-17",NA,"ArpaPiemonte"
"2014-11-17",NA,"ArpaPiemonte"
"2014-11-17",NA,"quotidianopiem"
"2014-11-17",NA,"quotidianopiem"
"2014-11-17",NA,"quotidianopiem"
"2014-11-17",NA,"quotidianopiem"
"2014-11-17",NA,"quotidianopiem"
"2014-11-17",NA,"gianlucavignale"
"2014-11-17",NA,"FabioSbonch"
"2014-11-17",NA,"FabioSbonch"
"2014-11-17",NA,"FabioSbonch"
"2014-11-17",NA,"FabioSbonch"
"2014-11-17",NA,"Turineis"
"2014-11-17",NA,"Turineis"
"2014-11-17",NA,"Turineis"
"2014-11-17",NA,"ArpaPiemonte"
"2014-11-17",NA,"ProteggereI"
"2014-11-17",NA,"Beppeley"
"2014-11-17",NA,"ArpaPiemonte"
"2014-11-17",NA,"ArpaPiemonte"
"2014-11-17",NA,"nastrorosa"
"2014-11-17",NA,"Ossmeteobargone"
"2014-11-17",NA,"Ossmeteobargone"
"2014-11-17",NA,"Ossmeteobargone"
"2014-11-17",NA,"Ossmeteobargone"
"2014-11-17",NA,"Ossmeteobargone"
"2014-11-17",NA,"Ossmeteobargone"
"2014-11-17",NA,"Ossmeteobargone"
"2014-11-17",NA,"Ossmeteobargone"
"2014-11-17",NA,"Ossmeteobargone"
"2014-11-17",NA,"Ossmeteobargone"
"2014-11-17",NA,"Ossmeteobargone"
"2014-11-17",NA,"ilVergante"
"2014-11-17",NA,"quotidianopiem"
"2014-11-17",NA,"vittoriopasteris"
"2014-11-17",NA,"ArpaPiemonte"
"2014-11-17",NA,"Marinamas"
"2014-11-17",NA,"quotidianopiem"
"2014-11-17",NA,"NiloThecat"
"2014-11-17",NA,"danteferraris"
"2014-11-17",NA,"PCProvAL"
"2014-11-17",NA,"gianlucamorino"
"2014-11-17",NA,"RTscienza"
"2014-11-17",NA,"ProteggereI"
"2014-11-18",NA,"FabriBor"
"2014-11-18",NA,"ArpaPiemonte"
"2014-11-18",NA,"nastrorosa"
"2014-11-18",NA,"ArpaPiemonte"
"2014-11-18",NA,"ArpaPiemonte"
"2014-11-18",NA,"FlipRuth"
"2014-11-18",NA,"FlipRuth"
"2014-11-18",NA,"ilVergante"
"2014-11-18",NA,"sopcrivco"
"2014-11-18",NA,"sopcrivco"
"2014-11-19",NA,"ArpaPiemonte"
"2014-11-19",NA,"Ossmeteobargone"
"2014-11-25",NA,"ArpaPiemonte"
"2014-11-25",NA,"DaniloPapurello"
"2014-11-25",NA,"wwwmeteoit"
"2014-11-25",NA,"nastrorosa"
"2014-11-25",NA,"robertore62"
"2014-11-26",NA,"PBertol8_meteoJ"
"2014-11-26",NA,"Ossmeteobargone"
"2014-11-27",NA,"diAlessandria"
"2014-11-28",NA,"ArpaPiemonte"
"2014-11-28",NA,"ArpaPiemonte"
"2014-11-28",NA,"ArpaPiemonte"
"2014-11-28",NA,"ArpaPiemonte"
"2014-11-28",NA,"giornaleprociv"
"2014-11-28",NA,"Aringoogle"
"2014-11-28",NA,"Aringoogle"
"2014-11-28",NA,"ProteggereI"
"2014-11-28",NA,"ProteggereI"
"2014-11-28",NA,"tezzin"
"2014-11-28",NA,"PiemonteInforma"
"2014-11-28",NA,"discoradioIT"
"2014-11-28",NA,"fabriziogaias"
"2014-11-28",NA,"In3Dns"
"2014-11-28",NA,"BBOmbraCiliegio"
"2014-11-28",NA,"xpepox"
"2014-11-28",NA,"ArpaPiemonte"
"2014-11-28",NA,"ArpaPiemonte"
"2014-11-28",NA,"discoradioIT"
"2014-11-28",NA,"SOL_CRI_Giaveno"
"2014-11-28",NA,"SOL_CRI_Giaveno"
"2014-11-28",NA,"chicco22em"
"2014-11-28",NA,"ferdinandomore2"
"2014-11-28",NA,"luca_bracco"
"2014-11-29",NA,"marlonghin"
"2014-11-29",NA,"marlonghin"
"2014-11-29",NA,"Ossmeteobargone"
"2014-11-29",NA,"Ossmeteobargone"
"2014-11-29",NA,"ArpaPiemonte"
"2014-11-29",NA,"Emergenza24"
"2014-11-29",NA,"strassenbahn85"
"2014-11-29",NA,"ArpaPiemonte"
"2014-11-29",NA,"Emergenza24"
"2014-11-29",NA,"DaniloPapurello"
"2014-11-29",NA,"DanyDeg77"
"2014-11-29",NA,"FabriBor"
"2014-11-29",NA,"nzo1255"
"2014-11-29",NA,"ArpaPiemonte"
"2014-11-29",NA,"nzo1255"
"2014-11-29",NA,"DaniloPapurello"
"2014-11-29",NA,"cerberoTO"
"2014-11-29",NA,"MVaccariello"
"2014-11-29",NA,"MVaccariello"
"2014-11-29",NA,"MVaccariello"
"2014-11-29",NA,"Ossmeteobargone"
"2014-11-29",NA,"FabriBor"
"2014-11-29",NA,"Ossmeteobargone"
"2014-11-29",NA,"Ossmeteobargone"
"2014-11-29",NA,"toille4"
"2014-11-29",NA,"falcorossi1"
"2014-11-29",NA,"falcorossi1"
"2014-11-29",NA,"Miti_Vigliero"
"2014-11-29",NA,"Serfiss"
"2014-11-29",NA,"blogalessandria"
"2014-11-29",NA,"blogalessandria"
"2014-11-29",NA,"blogalessandria"
"2014-11-29",NA,"robertore62"
"2014-11-29",NA,"annabelladellac"
"2014-11-29",NA,"ERA_Arenzano"
"2014-11-29",NA,"ERA_Arenzano"
"2014-11-29",NA,"MpPellicani"
"2014-11-29",NA,"robertore62"
"2014-11-29",NA,"Aringoogle"
"2014-11-29",NA,"Aringoogle"
"2014-11-29",NA,"Aringoogle"
"2014-11-29",NA,"ArpaPiemonte"
"2014-11-29",NA,"MariKittyPirate"
"2014-11-29",NA,"meteoonlineit"
"2014-11-29",NA,"SOL_CRI_Giaveno"
"2014-11-29",NA,"SOL_CRI_Giaveno"
"2014-11-29",NA,"SOL_CRI_Giaveno"
"2014-11-29",NA,"SOL_CRI_Giaveno"
"2014-11-29",NA,"luca_bracco"
"2014-11-29",NA,"lesherbes"
"2014-11-30",NA,"ArpaPiemonte"
"2014-11-30",NA,"ArpaPiemonte"
"2014-11-30",NA,"ArpaPiemonte"
"2014-11-30",NA,"ComunediManta"
"2014-11-30",NA,"lucazabapozzi"
"2014-11-30",NA,"tezzin"
"2014-11-30",NA,"DaniloPapurello"
"2014-11-30",NA,"RadioBeckwith"
"2014-11-30",NA,"RadioBeckwith"
"2014-11-30",NA,"Granda_p_Comuni"
"2014-11-30",NA,"CollineDigitali"
"2014-11-30",NA,"CollineDigitali"
"2014-11-30",NA,"Guarene2020"
"2014-11-30",NA,"danteferraris"
"2014-11-30",NA,"SOL_CRI_Giaveno"
"2014-11-30",NA,"SOL_CRI_Giaveno"
"2014-11-30",NA,"ArpaPiemonte"
"2014-11-30",NA,"wwwmeteoit"
"2014-11-30",NA,"Ossmeteobargone"
"2014-11-30",NA,"Ossmeteobargone"
"2014-11-30",NA,"Ossmeteobargone"
"2014-11-30",NA,"Ossmeteobargone"
"2014-11-30",NA,"cittAgora"
"2014-11-30",NA,"Hiddencatch"
"2014-11-30",NA,"PivaPaola"
"2014-11-30",NA,"Serafin58887845"
"2014-11-30",NA,"meteoonlineit"
"2014-11-30",NA,"ilTorineseNews"
"2014-11-30",NA,"AvvChierichetti"
"2014-11-30",NA,"robertore62"
"2014-11-30",NA,"Miti_Vigliero"
"2014-11-30",NA,"annabelladellac"
"2014-11-30",NA,"Rosy_Indy"
"2014-11-30",NA,"GASirianni"
"2014-11-30",NA,"lukilotom"
"2014-11-30",NA,"LevanteNews_ITA"
"2014-11-30",NA,"metalnarz"
"2014-11-30",NA,"ERA_Arenzano"
"2014-11-30",NA,"CRIcuneo"
"2014-11-30",NA,"CRIcuneo"
"2014-11-30",NA,"ColomoLoriana"
"2014-11-30",NA,"SOL_CRI_Giaveno"
"2014-11-30",NA,"CRIcuneo"
"2014-11-30",NA,"ITnewsCN"
"2014-11-30",NA,"RaffaellaB5"
"2014-11-30",NA,"lesherbes"
"2014-11-30",NA,"ArpaPiemonte"
"2014-11-30",NA,"DanyDeg77"
"2014-11-30",NA,"RadioBeckwith"
"2014-11-30",NA,"emabelli13"
"2014-11-30",NA,"emabelli13"
"2014-11-30",NA,"CuneoTweet"
"2014-11-30",NA,"quotidianopiem"
"2014-11-30",NA,"ClaudiaCavadore"
"2014-11-30",NA,"GrazianoBeppe"
"2014-11-30",NA,"GianniAllocco"
"2014-11-30",NA,"Sim0wrc"
"2014-11-30",NA,"sulsitodisimone"
"2014-11-30",NA,"Emergenza24"
"2014-11-30",NA,"sergimagugliani"
"2014-11-30",NA,"Iaya68"
"2014-11-30",NA,"goladaniele"
"2014-11-30",NA,"afrodite1969"
"2014-11-30",NA,"robertore62"
"2014-11-30",NA,"annaljsa"
"2014-11-30",NA,"LucianaCiolfi"
"2014-11-30",NA,"cin_ales"
"2014-11-30",NA,"lesherbes"
"2014-11-30",NA,"AllertameteoPIE"
"2014-11-30",NA,"AllertameteoPIE"
"2014-11-30",NA,"eliwilly1"
"2014-11-30",NA,"CollineDigitali"
"2014-11-30",NA,"Guarene2020"
"2014-11-30",NA,"StefanoAndriano"
"2014-11-30",NA,"ilbellini"
"2014-12-01",NA,"bestiol1"
"2014-12-01",NA,"Miti_Vigliero"
"2014-12-01",NA,"RadioPerusia"
"2014-12-01",NA,"Aldebauro"
"2014-12-01",NA,"riskiomap"
"2014-12-01",NA,"riskiomap"
"2014-12-01",NA,"DjSimma7"
"2014-12-01",NA,"ArpaPiemonte"
"2014-12-01",NA,"riskiomap"
"2014-12-01",NA,"ArpaPiemonte"
"2014-12-01",NA,"putredine"
"2014-12-01",NA,"riskiomap"
"2014-12-01",NA,"wwwmeteoit"
"2014-12-01",NA,"simo_scarsi"
"2014-12-01",NA,"robertore62"
"2014-12-01",NA,"TomOrusa"
"2014-12-01",NA,"ArpaPiemonte"
"2014-12-01",NA,"Aringoogle"
"2014-12-01",NA,"Aringoogle"
"2014-12-01",NA,"ArpaPiemonte"
"2014-12-01",NA,"fi_defer"
"2014-12-01",NA,"CRI_Crescentino"
"2014-12-01",NA,"quotidianopiem"
"2014-12-01",NA,"quotidianopiem"
"2014-12-01",NA,"quotidianopiem"
"2014-12-01",NA,"quotidianopiem"
"2014-12-01",NA,"discoradioIT"
"2014-12-01",NA,"UnioneMregalese"
"2014-12-01",NA,"ITnewsCN"
"2014-12-01",NA,"UnioneMregalese"
"2014-12-01",NA,"VittorioFerrero"
"2014-12-01",NA,"ITnewsCN"
"2014-12-01",NA,"Comune_Saluzzo"
"2014-12-01",NA,"quotidianopiem"
"2014-12-01",NA,"quotidianopiem"
"2014-12-01",NA,"ProteggereI"
"2014-12-01",NA,"riskiomap"
"2014-12-01",NA,"PittaC6"
"2014-12-01",NA,"PittaC6"
"2014-12-01",NA,"DaniloPapurello"
"2014-12-01",NA,"DaniloPapurello"
"2014-12-01",NA,"davide_rossi"
"2014-12-01",NA,"lanuovagazzetta"
"2014-12-01",NA,"devisrosso"
"2014-12-01",NA,"quotidianopiem"
"2014-12-01",NA,"PiemonteInforma"
"2014-12-01",NA,"giornaleprociv"
"2014-12-01",NA,"bc_emergenza"
"2014-12-01",NA,"matt_fede"
"2014-12-01",NA,"italia_sicura"
"2014-12-01",NA,"Valerio_To"
"2014-12-01",NA,"quotidianopiem"
"2014-12-01",NA,"quotidianopiem"
"2014-12-01",NA,"solops"
"2014-12-01",NA,"StellaFerrari80"
"2014-12-01",NA,"riskiomap"
"2014-12-01",NA,"ArpaPiemonte"
"2014-12-01",NA,"DaniloPapurello"
"2014-12-01",NA,"ArpaPiemonte"
"2014-12-01",NA,"RadioBeckwith"
"2014-12-01",NA,"Giancagt6"
"2014-12-01",NA,"DaniloPapurello"
"2014-12-01",NA,"Miriam8112"
"2014-12-01",NA,"PaoloDrago1"
"2014-12-01",NA,"PaoloDrago1"
"2014-12-01",NA,"CRIcuneo"
"2014-12-01",NA,"CRIcuneo"
"2014-12-01",NA,"CRIcuneo"
"2014-12-01",NA,"davideracconta"
"2014-12-01",NA,"UnioneMregalese"
"2014-12-01",NA,"CuneoTweet"
"2014-12-01",NA,"FabriBor"
"2014-12-01",NA,"ITnewsCN"
"2014-12-01",NA,"quotidianopiem"
"2014-12-01",NA,"solops"
"2014-12-01",NA,"cla1205"
"2014-12-01",NA,"classmeteo"
"2014-12-01",NA,"CRI_Crescentino"
"2014-12-01",NA,"CRI_Crescentino"
"2014-12-01",NA,"quotidianopiem"
"2014-12-01",NA,"piemonte_is"
"2014-12-01",NA,"alevalsi"
"2014-12-01",NA,"quotidianopiem"
"2014-12-01",NA,"vittoriopasteris"
"2014-12-01",NA,"vittoriopasteris"
"2014-12-01",NA,"DaniloPapurello"
"2014-12-01",NA,"RottasuTorino"
"2014-12-01",NA,"quotidianopiem"
"2014-12-01",NA,"SoaveAnna"
"2014-12-01",NA,"TizianaCasini"
"2014-12-01",NA,"quotidianopiem"
"2014-12-01",NA,"vittoriopasteris"
"2014-12-01",NA,"solops"
"2014-12-01",NA,"italia_24news"
"2014-12-01",NA,"giornaleprociv"
"2014-12-01",NA,"Protcivnews"
"2014-12-01",NA,"Protcivnews"
"2014-12-01",NA,"Fr3nkFra"
"2014-12-01",NA,"SOL_CRI_Giaveno"
"2014-12-01",NA,"SOL_CRI_Giaveno"
"2014-12-01",NA,"Fr3nkFra"
"2014-12-01",NA,"SOL_CRI_Giaveno"
"2014-12-01",NA,"federica_celin"
"2014-12-01",NA,"SOL_CRI_Giaveno"
"2014-12-01",NA,"SOL_CRI_Giaveno"
"2014-12-01",NA,"italia_sicura"
"2014-12-01",NA,"SOL_CRI_Giaveno"
"2014-12-01",NA,"tgre8"
"2014-12-01",NA,"tgre8"
"2014-12-01",NA,"quotidianopiem"
"2014-12-01",NA,"tgre8"
"2014-12-01",NA,"solops"
"2014-12-01",NA,"Miriam8112"
"2014-12-01",NA,"Aldebauro"
"2014-12-01",NA,"idrossido"
"2014-12-01",NA,"riskiomap"
"2014-12-01",NA,"3BMeteo"
"2014-12-01",NA,"luca_bracco"
"2014-12-01",NA,"Miti_Vigliero"
"2014-12-01",NA,"OdisseoMag"
"2014-12-01",NA,"Gabrymalvagia"
"2014-12-01",NA,"quotidianopiem"
"2014-12-01",NA,"quotidianopiem"
"2014-12-01",NA,"steffy1967"
"2014-12-01",NA,"PaolaAguggia"
"2014-12-01",NA,"ArpaPiemonte"
"2014-12-01",NA,"ArpaPiemonte"
"2014-12-01",NA,"crpiemonte"
"2014-12-01",NA,"fircbvercelli"
"2014-12-01",NA,"PRimeItaly_org"
"2014-12-01",NA,"PiemonteInforma"
"2014-12-01",NA,"8888eric8888"
"2014-12-01",NA,"PiemonteInforma"
"2014-12-01",NA,"tgre8"
"2014-12-01",NA,"SoaveAnna"
"2014-12-01",NA,"Protcivnews"
"2014-12-01",NA,"fircbvercelli"
"2014-12-01",NA,"luca_bracco"
"2014-12-01",NA,"AlexandrNevskij"
"2014-12-01",NA,"PatriziaGurian"
"2014-12-01",NA,"CRI_Crescentino"
"2014-12-01",NA,"quotidianopiem"
"2014-12-01",NA,"quotidianopiem"
"2014-12-01",NA,"lilasart"
"2014-12-01",NA,"BachBad"
"2014-12-01",NA,"VittorioFerrero"
"2014-12-01",NA,"DanteMt03Fumi"
"2014-12-01",NA,"sergimagugliani"
"2014-12-01",NA,"sergimagugliani"
"2014-12-01",NA,"valecucinieri"
"2014-12-01",NA,"albezzano"
"2014-12-01",NA,"AllertameteoPIE"
"2014-12-01",NA,"quotidianopiem"
"2014-12-01",NA,"sydlsd"
"2014-12-01",NA,"DaniloPapurello"
"2014-12-02",NA,"BlasiMarina"
"2014-12-02",NA,"CRI_Crescentino"
"2014-12-02",NA,"VittorioFerrero"
"2014-12-02",NA,"quotidianopiem"
"2014-12-02",NA,"ilariolarosageo"
"2014-12-02",NA,"CRI_Crescentino"
"2014-12-05",NA,"nastrorosa"
